Other,Rand,SAT_TTB,TTB,TTB_SAT,WADD,alpha,click_var_gamble,click_var_outcome,cost,nr_clicks,payoff_gross,payoff_gross_by_strategy,payoff_gross_relative,payoff_gross_relative_by_strategy,payoff_matrix,payoff_net,payoff_net_by_strategy,payoff_net_relative,payoff_net_relative_by_strategy,payoff_perfect,probabilities,problem_id,processing_pattern,sigma,trial_weight_con_exclude,trial_weight_exp_exclude,trial_weight_exclude
0.0,0.0,0.52,0.0,0.48,0.0,0.3,0.04273333333333333,0.1875,1.0,3.062,87.42988999999999,"[84.66797916666614, 89.97934615384536, 0.0, 0.0, 0.0, 0.0]",1.3681870676974113,"[1.3249660287106197, 1.4080834113775085, 0.0, 0.0, 0.0, 0.0]","[[-40, -36, -135, 25, -23, -26], [75, -26, -49, -47, -134, -139], [-4, -30, -59, 98, 129, -6], [72, -44, 39, 7, -30, 7]]",84.36788999999997,"[80.82422916666616, 87.63896153846076, 0.0, 0.0, 0.0, 0.0]",1.3202699446026729,"[1.264815329202006, 1.371458820357134, 0.0, 0.0, 0.0, 0.0]",63.90200000000002,"[0.029999999999999992, 0.01, 0.77, 0.19]",Z6igLUgOZ1o22OJ,-1.0,75.0,0.9066666666666667,1.1666666666666667,1.034013605442177
0.0,0.0,0.0,0.0,1.0,0.0,0.3,0.022946654856387,0.08320132723922903,1.0,5.784,87.54270000000002,"[87.54270000000098, 0.0, 0.0, 0.0, 0.0, 0.0]",1.3699524271540795,"[1.3699524271540715, 0.0, 0.0, 0.0, 0.0, 0.0]","[[-90, 14, -114, -41, 210, 42], [-91, 101, 22, 57, 105, 86], [94, -30, 150, -10, -154, 52], [-78, -66, 54, 90, -24, 34]]",81.75870000000003,"[81.75870000000091, 0.0, 0.0, 0.0, 0.0, 0.0]",1.27943882820569,"[1.2794388282056837, 0.0, 0.0, 0.0, 0.0, 0.0]",63.90200000000002,"[0.01999999999999999, 0.01, 0.47, 0.5]",VHZfp8VcgwqWdru,-0.6862666666666667,75.0,0.9066666666666667,1.1666666666666667,1.034013605442177
0.0,0.0,0.66,0.0,0.34,0.0,0.3,0.10505555555555557,0.1875,4.0,1.454,39.50176,"[41.17811764705884, 38.63818181818143, 0.0, 0.0, 0.0, 0.0]",0.6181615598885795,"[0.6443948178000523, 0.6046474573281244, 0.0, 0.0, 0.0, 0.0]","[[-101, -31, 34, -10, 30, -23], [-98, -42, -2, 84, 60, -107], [65, -46, -22, -61, -87, 97], [84, 85, 84, 93, 18, -17]]",33.68576000000001,"[32.33105882352945, 34.383636363636064, 0.0, 0.0, 0.0, 0.0]",0.5271471941410285,"[0.5059475262672434, 0.5380682351669176, 0.0, 0.0, 0.0, 0.0]",63.90200000000002,"[0.06, 0.26, 0.14, 0.54]",3uXiz4V3sUrSmY9,-1.0,75.0,0.96,1.0833333333333335,1.0204081632653061
0.0,0.0,0.34,0.0,0.66,0.0,0.3,0.04072777777777778,0.1875,4.0,3.361,65.47576000000001,"[64.57248484848523, 67.22917647058857, 0.0, 0.0, 0.0, 0.0]",1.0246277111827484,"[1.0104923922331783, 1.0520668597319065, 0.0, 0.0, 0.0, 0.0]","[[-69, 74, -146, 18, -66, -39], [-59, 123, 55, -117, -17, -38], [32, 53, 83, 32, -9, -48], [-24, -104, 109, 21, 25, 52]]",52.03176000000001,"[48.299757575758036, 59.27623529411794, 0.0, 0.0, 0.0, 0.0]",0.814243059685143,"[0.7558410937960807, 0.9276115817050761, 0.0, 0.0, 0.0, 0.0]",63.90200000000002,"[0.06, 0.07, 0.81, 0.06]",si1lNmExwYp0qHd,-1.0,75.0,0.96,1.0833333333333335,1.0204081632653061
0.0,0.0,0.581,0.0,0.419,0.0,0.3,0.06964166666666669,0.1875,4.0,2.325,58.92847,"[55.56207637231517, 61.356213425129496, 0.0, 0.0, 0.0, 0.0]",0.9221694156677412,"[0.8694888481161037, 0.9601610814235777, 0.0, 0.0, 0.0, 0.0]","[[61, -42, -94, -52, -163, 53], [85, -65, -84, 88, 40, 87], [53, -6, 64, -32, 83, -117], [101, 67, 39, -108, -29, 8]]",49.62847,"[41.958257756563036, 55.160000000000466, 0.0, 0.0, 0.0, 0.0]",0.7766340646615129,"[0.6566032010979821, 0.8631967700541497, 0.0, 0.0, 0.0, 0.0]",63.90200000000002,"[0.51, 0.17, 0.01, 0.31]",55wGWrG0AsulSFG,-1.0,75.0,0.96,1.0833333333333335,1.0204081632653061
0.0,0.0,0.10400000000000001,0.0,0.8959999999999999,0.0,3.2,0.03315425311791383,0.12202260983560087,1.0,4.265,42.38232,"[42.91959821428511, 37.75346153846157, 0.0, 0.0, 0.0, 0.0]",0.8277311876257251,"[0.8382242879184105, 0.7373290927965448, 0.0, 0.0, 0.0, 0.0]","[[1, 65, 8, 6, 47, 37], [23, -138, 57, 1, -97, -73], [-83, -200, 54, 89, 118, -117], [-32, 87, 70, -56, -19, -5]]",38.11732000000001,"[38.417366071428155, 35.532307692307725, 0.0, 0.0, 0.0, 0.0]",0.7444352869949027,"[0.7502952184721366, 0.6939497234987727, 0.0, 0.0, 0.0, 0.0]",51.20299999999999,"[0.15, 0.13, 0.43, 0.29]",aA237K2hoPccOCz,-0.8226226226226225,75.0,0.8,0.75,0.7755102040816326
0.0,0.0,0.0,0.0,1.0,0.0,3.2,0.00303067901234568,0.08219055555555553,1.0,8.801,40.94000000000001,"[40.940000000000005, 0.0, 0.0, 0.0, 0.0, 0.0]",0.7995625256332636,"[0.7995625256332823, 0.0, 0.0, 0.0, 0.0, 0.0]","[[-85, 44, -96, -82, -36, 62], [-103, 20, 12, 8, 1, -43], [41, -70, 89, 62, 54, 43], [19, -133, -24, 127, 45, 36]]",32.139,"[32.13899999999944, 0.0, 0.0, 0.0, 0.0, 0.0]",0.6276780657383356,"[0.6276780657383285, 0.0, 0.0, 0.0, 0.0, 0.0]",51.20299999999999,"[0.14, 0.45, 0.05, 0.36]",l6dGWbHa5ETDOcj,-0.9571468253968254,75.0,0.8,0.75,0.7755102040816326
0.0,0.0,0.828,0.172,0.0,0.0,3.2,0.04179722222222223,0.1875,1.0,3.451,79.15,"[0.0, 79.15000000000101, 79.14999999999976, 0.0, 0.0, 0.0]",1.5458078628205385,"[0.0, 1.5458078628205383, 1.5458078628205383, 0.0, 0.0, 0.0]","[[59, -89, 21, -2, 37, 133], [-18, -27, 46, 2, -14, -42], [59, -48, -70, -34, 54, 132], [138, -20, 55, -19, -23, -19]]",75.699,"[0.0, 76.22850241545994, 73.14999999999978, 0.0, 0.0, 0.0]",1.4784094681952231,"[0.0, 1.4887507063152436, 1.4286272288733033, 0.0, 0.0, 0.0]",51.20299999999999,"[0.13, 0.2, 0.22, 0.45]",8EHleEowa3Bcw0G,-1.0,75.0,0.8,0.75,0.7755102040816326
0.0,0.0,0.0,0.0,1.0,0.0,0.3,0.00314951814058957,0.11020790816326527,1.0,7.494,21.0821,"[21.08210000000019, 0.0, 0.0, 0.0, 0.0, 0.0]",0.3299129917686457,"[0.3299129917686394, 0.0, 0.0, 0.0, 0.0, 0.0]","[[-62, -42, -7, -47, -26, -14], [-13, -71, 120, -32, 98, -95], [-68, 29, -35, -55, -23, 22], [23, 4, 10, 112, 48, -82]]",13.588100000000004,"[13.588100000000244, 0.0, 0.0, 0.0, 0.0, 0.0]",0.21263966699007847,"[0.21263966699007938, 0.0, 0.0, 0.0, 0.0, 0.0]",63.90200000000002,"[0.59, 0.22, 0.02, 0.17]",EDYV3TvmyqJrQOZ,-0.9542380952380952,75.0,0.9066666666666667,1.1666666666666667,1.034013605442177
0.0,0.0,0.0,0.0,1.0,0.0,3.2,0.017509134542705973,0.060519768990929715,1.0,7.574,56.45000000000002,"[56.44999999999908, 0.0, 0.0, 0.0, 0.0, 0.0]",1.102474464386852,"[1.102474464386867, 0.0, 0.0, 0.0, 0.0, 0.0]","[[7, -95, 8, -33, 43, -148], [36, -62, 14, 74, 0, 49], [-64, -38, 68, 51, -33, -99], [-18, -90, 7, 63, -23, -100]]",48.87600000000001,"[48.87599999999938, 0.0, 0.0, 0.0, 0.0, 0.0]",0.9545534441341332,"[0.9545534441341228, 0.0, 0.0, 0.0, 0.0, 0.0]",51.20299999999999,"[0.06, 0.31, 0.35, 0.28]",U6NalRd3JS7aHgM,-0.7168142857142857,75.0,0.8,0.75,0.7755102040816326
0.0,0.0,0.637,0.0,0.363,0.0,0.3,0.06894444444444446,0.1875,4.0,2.294,83.23528,"[101.35280991735615, 72.91084772370537, 0.0, 0.0, 0.0, 0.0]",1.3025457732152357,"[1.5860663190096542, 1.14097911996032, 0.0, 0.0, 0.0, 0.0]","[[-87, -59, 53, -49, -157, -46], [-139, 11, 115, -40, -204, -116], [-51, -61, -54, 52, 84, -15], [-101, -17, 152, -16, 48, 138]]",74.05928000000002,"[89.49606060606126, 65.2624960753535, 0.0, 0.0, 0.0, 0.0]",1.158950893555757,"[1.4005204939761042, 1.02129035202893, 0.0, 0.0, 0.0, 0.0]",63.90200000000002,"[0.09, 0.19, 0.08, 0.64]",WdVOkNPSiCkiKDf,-1.0,75.0,0.96,1.0833333333333335,1.0204081632653061
0.0,0.0,0.6609999999999999,0.0,0.33899999999999997,0.0,3.2,0.06796944444444446,0.1875,4.0,2.351,50.44647999999998,"[21.27999999999994, 65.40478063540135, 0.0, 0.0, 0.0, 0.0]",0.9852250844677072,"[0.4156006483995067, 1.2773622763392944, 0.0, 0.0, 0.0, 0.0]","[[59, -89, 21, -2, 37, 133], [-18, -27, 46, 2, -14, -42], [59, -48, -70, -34, 54, 132], [138, -20, 55, -19, -23, -19]]",41.042479999999976,"[9.409793510324539, 57.26559757942552, 0.0, 0.0, 0.0, 0.0]",0.8015639708610824,"[0.18377426147539147, 1.118403171287322, 0.0, 0.0, 0.0, 0.0]",51.20299999999999,"[0.13, 0.2, 0.22, 0.45]",8EHleEowa3Bcw0G,-1.0,75.0,1.3333333333333333,1.0,1.1700680272108843
0.0,0.0,0.573,0.0,0.42700000000000005,0.0,0.3,0.06713333333333334,0.1875,4.0,2.376,84.37858999999997,"[82.71866510538601, 85.61556719022627, 0.0, 0.0, 0.0, 0.0]",1.3204373885011422,"[1.2944612861160232, 1.3397947981319225, 0.0, 0.0, 0.0, 0.0]","[[-40, -36, -135, 25, -23, -26], [75, -26, -49, -47, -134, -139], [-4, -30, -59, 98, 129, -6], [72, -44, 39, 7, -30, 7]]",74.87459,"[69.0137470725992, 79.24209424083712, 0.0, 0.0, 0.0, 0.0]",1.1717096491502612,"[1.079993538114606, 1.2400565591192367, 0.0, 0.0, 0.0, 0.0]",63.90200000000002,"[0.029999999999999992, 0.01, 0.77, 0.19]",Z6igLUgOZ1o22OJ,-1.0,75.0,0.96,1.0833333333333335,1.0204081632653061
0.0,0.0,0.513,0.0,0.48700000000000004,0.0,3.2,0.06768611111111113,0.1875,4.0,2.336,11.779940000000002,"[8.333696098562589, 15.051520467836186, 0.0, 0.0, 0.0, 0.0]",0.23006347284338816,"[0.16275796532552078, 0.29395778504846154, 0.0, 0.0, 0.0, 0.0]","[[82, 45, 5, -120, -5, -22], [-3, -132, 45, 78, 5, 2], [-12, -14, 14, -43, 10, 89], [-114, 72, 25, 56, 74, 101]]",2.435940000000004,"[-4.405523613963047, 8.930662768031139, 0.0, 0.0, 0.0, 0.0]",0.04757416557623585,"[-0.08604034165894624, 0.17441678745447026, 0.0, 0.0, 0.0, 0.0]",51.20299999999999,"[0.31, 0.33, 0.09, 0.27]",aIfvrznIQLqTBd0,-1.0,75.0,1.3333333333333333,1.0,1.1700680272108843
0.0,0.0,0.18,0.0,0.82,0.0,3.2,0.048627811791383216,0.14209711309523812,1.0,4.043,66.07122999999999,"[65.22637804877945, 69.92000000000006, 0.0, 0.0, 0.0, 0.0]",1.2903781028455363,"[1.2738780549729425, 1.3655449875983832, 0.0, 0.0, 0.0, 0.0]","[[-16, 29, 52, 15, -102, 114], [68, 33, 81, -31, 134, 13], [36, -22, 1, 47, 23, -38], [-171, -81, 65, 13, 28, -35]]",62.02822999999998,"[60.51540243902341, 68.92000000000006, 0.0, 0.0, 0.0, 0.0]",1.2114178856707614,"[1.181872203562769, 1.346014881940507, 0.0, 0.0, 0.0, 0.0]",51.20299999999999,"[0.05, 0.47, 0.28, 0.2]",KKfFP00BlY0FyTD,-0.8342508710801394,75.0,0.8,0.75,0.7755102040816326
0.0,0.0,0.657,0.0,0.34299999999999997,0.0,3.2,0.08906944444444444,0.1875,4.0,1.7890000000000001,38.13024000000001,"[46.354081632652914, 33.836818873668165, 0.0, 0.0, 0.0, 0.0]",0.7446876159600024,"[0.9053001119593235, 0.6608366477290061, 0.0, 0.0, 0.0, 0.0]","[[1, 65, 8, 6, 47, 37], [23, -138, 57, 1, -97, -73], [-83, -200, 54, 89, 118, -117], [-32, 87, 70, -56, -19, -5]]",30.97424,"[36.219970845480965, 28.235601217655898, 0.0, 0.0, 0.0, 0.0]",0.6049301798722732,"[0.707379857537272, 0.5514442750943487, 0.0, 0.0, 0.0, 0.0]",51.20299999999999,"[0.15, 0.13, 0.43, 0.29]",aA237K2hoPccOCz,-1.0,75.0,1.3333333333333333,1.0,1.1700680272108843
0.0,0.0,0.835,0.0,0.165,0.0,0.3,0.0707388888888889,0.1875,4.0,2.294,77.96266999999997,"[106.75, 72.27415568862341, 0.0, 0.0, 0.0, 0.0]",1.2200348971863164,"[1.6705267440768743, 1.131015550195975, 0.0, 0.0, 0.0, 0.0]","[[26, 3, -7, -50, 62, 37], [170, -11, -37, 11, -44, 59], [-158, -3, -108, -8, -23, -72], [5, 21, 96, 148, 8, -72]]",68.78667,"[92.64090909090909, 64.07295808383286, 0.0, 0.0, 0.0, 0.0]",1.0764400175268378,"[1.4497341099012389, 1.0026753166384903, 0.0, 0.0, 0.0, 0.0]",63.90200000000002,"[0.03, 0.03, 0.2, 0.74]",Gq2ftjqDBmr2chN,-1.0,75.0,0.96,1.0833333333333335,1.0204081632653061
0.0,0.0,0.0,0.0,1.0,0.0,3.2,0.004899096907281432,0.08706586592970521,1.0,8.015,27.74000000000001,"[27.740000000000542, 0.0, 0.0, 0.0, 0.0, 0.0]",0.5417651309493585,"[0.5417651309493698, 0.0, 0.0, 0.0, 0.0, 0.0]","[[2, 30, -23, 26, 24, -26], [-77, 73, -11, 60, -57, 2], [-44, -40, -49, -44, 100, -98], [31, 24, -31, -144, -34, -8]]",19.725,"[19.72500000000011, 0.0, 0.0, 0.0, 0.0, 0.0]",0.3852313341015175,"[0.38523133410151333, 0.0, 0.0, 0.0, 0.0, 0.0]",51.20299999999999,"[0.2, 0.3, 0.19, 0.31]",2O9UAcifjV8B4g6,-0.8167357142857142,75.0,0.8,0.75,0.7755102040816326
0.0,0.0,0.0,0.0,1.0,0.0,3.2,0.0025487617795310106,0.03953418803418803,1.0,12.488,24.41000000000001,"[24.409999999999872, 0.0, 0.0, 0.0, 0.0, 0.0]",0.4767298791086461,"[0.4767298791086433, 0.0, 0.0, 0.0, 0.0, 0.0]","[[82, 45, 5, -120, -5, -22], [-3, -132, 45, 78, 5, 2], [-12, -14, 14, -43, 10, 89], [-114, 72, 25, 56, 74, 101]]",11.922,"[11.921999999999887, 0.0, 0.0, 0.0, 0.0, 0.0]",0.23283791965314546,"[0.23283791965314501, 0.0, 0.0, 0.0, 0.0, 0.0]",51.20299999999999,"[0.31, 0.33, 0.09, 0.27]",aIfvrznIQLqTBd0,-0.7599257575757576,75.0,0.8,0.75,0.7755102040816326
0.0,0.0,0.34299999999999997,0.0,0.657,0.0,0.3,0.0701861111111111,0.1875,4.0,2.302,17.735619999999987,"[18.520487062404833, 16.232244897959106, 0.0, 0.0, 0.0, 0.0]",0.27754405182936354,"[0.2898264070358459, 0.25401779127349844, 0.0, 0.0, 0.0, 0.0]","[[-120, 22, -32, -105, -105, 26], [-6, -42, -123, 68, 59, -90], [87, -117, 56, -95, 34, -15], [-72, 54, 86, 15, -103, -66]]",8.527619999999986,"[6.59354642313544, 12.232244897959168, 0.0, 0.0, 0.0, 0.0]",0.13344840537072372,"[0.10318216054482558, 0.19142194137834764, 0.0, 0.0, 0.0, 0.0]",63.90200000000002,"[0.010000000000000111, 0.58, 0.06, 0.35]",12Smwv1zSNyuuxE,-1.0,75.0,0.96,1.0833333333333335,1.0204081632653061
0.0,0.0,0.196,0.18100000000000002,0.623,0.0,3.2,0.039341666666666684,0.1875,4.0,3.57,13.849999999999996,"[13.85000000000016, 13.849999999999948, 13.849999999999952, 0.0, 0.0, 0.0]",0.2704919633615218,"[0.2704919633615185, 0.27049196336152187, 0.27049196336152187, 0.0, 0.0, 0.0]","[[11, -192, -3, -131, 0, 63], [99, -2, -149, 65, -106, 101], [12, -17, -175, -95, 44, -177], [15, -23, -34, 84, -149, 28]]",-0.4300000000000043,"[-0.6411717495987154, 9.21734693877548, -10.150000000000032, 0.0, 0.0, 0.0]",-0.008397945432884874,"[-0.012522152014505301, 0.18001575959954544, -0.19823057242739772, 0.0, 0.0, 0.0]",51.20299999999999,"[0.48, 0.25, 0.24, 0.03]",SaPACZPUDlvdmkP,-1.0,75.0,1.3333333333333333,1.0,1.1700680272108843
0.0,0.0,0.66,0.0,0.34,0.0,0.3,0.06879444444444445,0.1875,1.0,2.3280000000000003,90.78775999999999,"[119.58000000000102, 75.95539393939463, 0.0, 0.0, 0.0, 0.0]",1.42073424931927,"[1.8713029326155584, 1.1886231094393505, 0.0, 0.0, 0.0, 0.0]","[[-87, -59, 53, -49, -157, -46], [-139, 11, 115, -40, -204, -116], [-51, -61, -54, 52, 84, -15], [-101, -17, 152, -16, 48, 138]]",88.45976,"[116.6035294117657, 73.96145454545518, 0.0, 0.0, 0.0, 0.0]",1.3843034646802916,"[1.8247242560759331, 1.157420026688596, 0.0, 0.0, 0.0, 0.0]",63.90200000000002,"[0.09, 0.19, 0.08, 0.64]",WdVOkNPSiCkiKDf,-1.0,75.0,0.9066666666666667,1.1666666666666667,1.034013605442177
0.0,0.0,0.0,0.0,1.0,0.0,0.3,0.00519501133786848,0.11211224489795917,1.0,7.0,37.939999999999976,"[37.93999999999983, 0.0, 0.0, 0.0, 0.0, 0.0]",0.5937216362555161,"[0.5937216362555099, 0.0, 0.0, 0.0, 0.0, 0.0]","[[-120, 22, -32, -105, -105, 26], [-6, -42, -123, 68, 59, -90], [87, -117, 56, -95, 34, -15], [-72, 54, 86, 15, -103, -66]]",30.94,"[30.93999999999947, 0.0, 0.0, 0.0, 0.0, 0.0]",0.4841788989389999,"[0.48417889893899246, 0.0, 0.0, 0.0, 0.0, 0.0]",63.90200000000002,"[0.010000000000000111, 0.58, 0.06, 0.35]",12Smwv1zSNyuuxE,-0.8173999999999999,75.0,0.9066666666666667,1.1666666666666667,1.034013605442177
0.0,0.0,0.0,0.0,1.0,0.0,0.3,0.0034722222222222233,0.09375,1.0,8.0,35.75,"[35.75, 0.0, 0.0, 0.0, 0.0, 0.0]",0.5594504084379207,"[0.5594504084379093, 0.0, 0.0, 0.0, 0.0, 0.0]","[[15, -30, 29, -47, -45, -53], [-99, -104, 26, 20, -32, -84], [159, -28, 100, -106, 63, 32], [61, -31, -171, -16, -79, -55]]",27.75,"[27.75, 0.0, 0.0, 0.0, 0.0, 0.0]",0.4342587086476168,"[0.43425870864762006, 0.0, 0.0, 0.0, 0.0, 0.0]",63.90200000000002,"[0.37, 0.44, 0.17, 0.02]",IBOZgXFSkyvyiUf,-0.8141714285714284,75.0,0.9066666666666667,1.1666666666666667,1.034013605442177
0.0,0.0,0.327,0.0,0.6729999999999999,0.0,3.2,0.0679,0.1875,4.0,2.377,81.26473999999997,"[81.37111441307529, 81.04581039755352, 0.0, 0.0, 0.0, 0.0]",1.587108958459465,"[1.589186461986128, 1.5828332401920397, 0.0, 0.0, 0.0, 0.0]","[[11, 99, 37, 96, -15, -10], [-102, 110, 161, -24, -71, 37], [-55, 8, 9, 21, 70, 82], [-34, -16, 17, 136, 62, 150]]",71.75674000000002,"[69.18686478454646, 77.04581039755351, 0.0, 0.0, 0.0, 0.0]",1.4014167138644222,"[1.3512267793790764, 1.504712817560568, 0.0, 0.0, 0.0, 0.0]",51.20299999999999,"[0.1, 0.54, 0.15, 0.21]",aYhiKG1buBq3xGu,-1.0,75.0,1.3333333333333333,1.0,1.1700680272108843
0.0,0.0,0.452,0.0,0.5479999999999999,0.0,0.3,0.04521666666666668,0.1875,1.0,3.016,89.27825999999997,"[85.8871350364965, 93.38962389380539, 0.0, 0.0, 0.0, 0.0]",1.397112140465087,"[1.3440445531672907, 1.4614507197553337, 0.0, 0.0, 0.0, 0.0]","[[26, 3, -7, -50, 62, 37], [170, -11, -37, 11, -44, 59], [-158, -3, -108, -8, -23, -72], [5, 21, 96, 148, 8, -72]]",86.26226,"[82.30136861313882, 91.06440265486734, 0.0, 0.0, 0.0, 0.0]",1.3499148696441423,"[1.287931028968399, 1.425063419843939, 0.0, 0.0, 0.0, 0.0]",63.90200000000002,"[0.03, 0.03, 0.2, 0.74]",Gq2ftjqDBmr2chN,-1.0,75.0,0.9066666666666667,1.1666666666666667,1.034013605442177
0.0,0.0,0.0,0.0,1.0,0.0,0.3,0.0028344671201814067,0.1262755102040816,1.0,7.0,15.759999999999994,"[15.76000000000019, 0.0, 0.0, 0.0, 0.0, 0.0]",0.24662764858689856,"[0.24662764858689598, 0.0, 0.0, 0.0, 0.0, 0.0]","[[-56, 69, -45, 13, -11, -81], [158, 111, -15, 70, 133, 4], [-22, 1, -38, -46, -67, -123], [-17, 31, -20, -11, -19, -48]]",8.760000000000002,"[8.760000000000165, 0.0, 0.0, 0.0, 0.0, 0.0]",0.13708491127038275,"[0.13708491127038164, 0.0, 0.0, 0.0, 0.0, 0.0]",63.90200000000002,"[0.02000000000000001, 0.04, 0.64, 0.3]",klD1PHboiI6GI83,-0.9403333333333332,75.0,0.9066666666666667,1.1666666666666667,1.034013605442177
0.0,0.0,0.772,0.0,0.228,0.0,3.2,0.06937222222222224,0.1875,4.0,2.338,43.92892,"[30.57999999999994, 47.871347150259446, 0.0, 0.0, 0.0, 0.0]",0.8579364490361894,"[0.5972306310177117, 0.9349324678292172, 0.0, 0.0, 0.0, 0.0]","[[7, -95, 8, -33, 43, -148], [36, -62, 14, 74, 0, 49], [-64, -38, 68, 51, -33, -99], [-18, -90, 7, 63, -23, -100]]",34.576919999999994,"[17.299298245613986, 39.67963730570008, 0.0, 0.0, 0.0, 0.0]",0.675290900923774,"[0.337857122543874, 0.7749475090463339, 0.0, 0.0, 0.0, 0.0]",51.20299999999999,"[0.06, 0.31, 0.35, 0.28]",U6NalRd3JS7aHgM,-1.0,75.0,1.3333333333333333,1.0,1.1700680272108843
0.0,0.0,0.0,0.0,1.0,0.0,0.3,0.014990709561602419,0.09756401077097504,1.0,6.193,77.4,"[77.39999999999998, 0.0, 0.0, 0.0, 0.0, 0.0]",1.21122969547119,"[1.2112296954711967, 0.0, 0.0, 0.0, 0.0, 0.0]","[[61, -42, -94, -52, -163, 53], [85, -65, -84, 88, 40, 87], [53, -6, 64, -32, 83, -117], [101, 67, 39, -108, -29, 8]]",71.20699999999998,"[71.20700000000048, 0.0, 0.0, 0.0, 0.0, 0.0]",1.1143156708710211,"[1.1143156708710165, 0.0, 0.0, 0.0, 0.0, 0.0]",63.90200000000002,"[0.51, 0.17, 0.01, 0.31]",55wGWrG0AsulSFG,-0.7895761904761905,75.0,0.9066666666666667,1.1666666666666667,1.034013605442177
0.0,0.0,0.743,0.0,0.257,0.0,3.2,0.089875,0.1875,4.0,1.7830000000000001,-18.435920000000007,"[-29.141284046692615, -14.732987886944816, 0.0, 0.0, 0.0, 0.0]",-0.3600554655000683,"[-0.5691323564379547, -0.2877368100881748, 0.0, 0.0, 0.0, 0.0]","[[27, -53, -32, -18, 75, 68], [29, 3, 15, 149, -146, 2], [9, 32, -68, 54, -108, -104], [98, 31, 97, 8, -114, -101]]",-25.567920000000004,"[-39.86501945525292, -20.62262449528943, 0.0, 0.0, 0.0, 0.0]",-0.4993441790520087,"[-0.7785680420141949, -0.40276203533561117, 0.0, 0.0, 0.0, 0.0]",51.20299999999999,"[0.29, 0.22, 0.26, 0.23]",tK9NSXZJXL2a1DM,-1.0,75.0,1.3333333333333333,1.0,1.1700680272108843
0.0,0.0,0.201,0.171,0.628,0.0,3.2,0.040025000000000005,0.1875,4.0,3.511,-18.529999999999994,"[-18.530000000000136, -18.53000000000008, -18.530000000000058, 0.0, 0.0, 0.0]",-0.3618928578403609,"[-0.36189285784035985, -0.36189285784036007, -0.3618928578403601, 0.0, 0.0, 0.0]","[[-50, 10, -163, 57, 26, 95], [13, -25, 81, 4, -24, -10], [-85, 19, -88, 37, -86, 5], [-41, 47, 116, -1, -4, -34]]",-32.573999999999984,"[-32.8612101910828, -23.206616915422934, -42.52999999999994, 0.0, 0.0, 0.0]",-0.6361736616995097,"[-0.6417829070773762, -0.45322768031995825, -0.8306153936292762, 0.0, 0.0, 0.0]",51.20299999999999,"[0.23, 0.32, 0.29, 0.16]",HO2m16im97e1RLZ,-1.0,75.0,1.3333333333333333,1.0,1.1700680272108843
0.0,0.0,0.0,1.0,0.0,0.0,0.3,0.0,0.1875,4.0,6.0,15.759999999999994,"[0.0, 0.0, 15.76000000000019, 0.0, 0.0, 0.0]",0.24662764858689856,"[0.0, 0.0, 0.24662764858689598, 0.0, 0.0, 0.0]","[[-56, 69, -45, 13, -11, -81], [158, 111, -15, 70, 133, 4], [-22, 1, -38, -46, -67, -123], [-17, 31, -20, -11, -19, -48]]",-8.239999999999998,"[0.0, 0.0, -8.239999999999839, 0.0, 0.0, 0.0]",-0.12894745078401298,"[0.0, 0.0, -0.12894745078401185, 0.0, 0.0, 0.0]",63.90200000000002,"[0.02000000000000001, 0.04, 0.64, 0.3]",klD1PHboiI6GI83,-1.0,75.0,0.96,1.0833333333333335,1.0204081632653061
0.0,0.0,0.664,0.162,0.174,0.0,0.3,0.026766666666666668,0.1875,1.0,3.648,79.61999999999998,"[79.62000000000027, 79.62000000000079, 79.62000000000023, 0.0, 0.0, 0.0]",1.2459703921629992,"[1.2459703921630019, 1.245970392163004, 1.2459703921630019, 0.0, 0.0, 0.0]","[[10, -11, 78, -20, 94, 69], [-36, -45, 82, -86, -100, 31], [-48, -38, -84, 6, 116, -74], [114, 25, -50, -68, 52, 53]]",75.972,"[77.62000000000026, 76.11397590361516, 73.62000000000019, 0.0, 0.0, 0.0]",1.1888829770586211,"[1.2146724672154223, 1.1911047526464713, 1.1520766173202697, 0.0, 0.0, 0.0]",63.90200000000002,"[0.09, 0.1, 0.61, 0.2]",rVjVpCboG0KJwv1,-1.0,75.0,0.9066666666666667,1.1666666666666667,1.034013605442177
0.0,0.0,0.0,1.0,0.0,0.0,3.2,0.0,0.1875,1.0,6.0,13.849999999999996,"[0.0, 0.0, 13.850000000000236, 0.0, 0.0, 0.0]",0.2704919633615218,"[0.0, 0.0, 0.27049196336151443, 0.0, 0.0, 0.0]","[[11, -192, -3, -131, 0, 63], [99, -2, -149, 65, -106, 101], [12, -17, -175, -95, 44, -177], [15, -23, -34, 84, -149, 28]]",7.849999999999995,"[0.0, 0.0, 7.850000000000141, 0.0, 0.0, 0.0]",0.15331132941429212,"[0.0, 0.0, 0.1533113294142934, 0.0, 0.0, 0.0]",51.20299999999999,"[0.48, 0.25, 0.24, 0.03]",SaPACZPUDlvdmkP,-1.0,75.0,0.8,0.75,0.7755102040816326
0.0,0.0,0.0,0.0,1.0,0.0,0.3,0.009532509448223734,0.11947257369614507,4.0,6.337999999999999,35.75,"[35.75, 0.0, 0.0, 0.0, 0.0, 0.0]",0.5594504084379207,"[0.5594504084379093, 0.0, 0.0, 0.0, 0.0, 0.0]","[[15, -30, 29, -47, -45, -53], [-99, -104, 26, 20, -32, -84], [159, -28, 100, -106, 63, 32], [61, -31, -171, -16, -79, -55]]",10.398,"[10.398, 0.0, 0.0, 0.0, 0.0, 0.0]",0.16271791180244752,"[0.1627179118024486, 0.0, 0.0, 0.0, 0.0, 0.0]",63.90200000000002,"[0.37, 0.44, 0.17, 0.02]",IBOZgXFSkyvyiUf,-0.7958,75.0,0.96,1.0833333333333335,1.0204081632653061
0.0,0.0,0.0,1.0,0.0,0.0,0.3,0.0,0.1875,4.0,6.0,23.27,"[0.0, 0.0, 23.270000000000355, 0.0, 0.0, 0.0]",0.3641513567650465,"[0.0, 0.0, 0.3641513567650397, 0.0, 0.0, 0.0]","[[-62, -42, -7, -47, -26, -14], [-13, -71, 120, -32, 98, -95], [-68, 29, -35, -55, -23, 22], [23, 4, 10, 112, 48, -82]]",-0.7300000000000004,"[0.0, 0.0, -0.7300000000000105, 0.0, 0.0, 0.0]",-0.011423742605865234,"[0.0, 0.0, -0.01142374260586539, 0.0, 0.0, 0.0]",63.90200000000002,"[0.59, 0.22, 0.02, 0.17]",EDYV3TvmyqJrQOZ,-1.0,75.0,0.96,1.0833333333333335,1.0204081632653061
0.0,0.0,0.336,0.163,0.501,0.0,0.3,0.010158333333333335,0.1875,4.0,4.502,27.779999999999994,"[27.78000000000022, 27.780000000000012, 27.780000000000058, 0.0, 0.0, 0.0]",0.4347281775218302,"[0.43472817752183296, 0.4347281775218327, 0.4347281775218319, 0.0, 0.0, 0.0]","[[13, 44, -5, 28, -6, -76], [-40, 25, 9, -196, 123, -17], [-133, 45, -113, -55, 31, -16], [50, -67, -24, -11, -31, -43]]",9.772000000000002,"[11.779999999999983, 9.684761904761965, 3.7799999999999847, 0.0, 0.0, 0.0]",0.15292166129385626,"[0.18434477794122117, 0.1515564756151909, 0.05915307815091872, 0.0, 0.0, 0.0]",63.90200000000002,"[0.38, 0.05, 0.02, 0.55]",nQ4KJRm5qzDmfGs,-1.0,75.0,0.96,1.0833333333333335,1.0204081632653061
0.0,0.0,0.0,0.0,1.0,0.0,3.2,0.003164824263038549,0.10942729591836732,1.0,7.518,33.26,"[33.25999999999933, 0.0, 0.0, 0.0, 0.0, 0.0]",0.6495713141808098,"[0.6495713141808098, 0.0, 0.0, 0.0, 0.0, 0.0]","[[-33, -36, -64, -39, -109, 24], [-9, 26, 36, 11, 43, 38], [61, -11, 147, 71, 140, 2], [13, -125, 64, -113, -76, 69]]",25.741999999999997,"[25.74199999999954, 0.0, 0.0, 0.0, 0.0, 0.0]",0.5027439798449311,"[0.5027439798449375, 0.0, 0.0, 0.0, 0.0, 0.0]",51.20299999999999,"[0.4, 0.14, 0.2, 0.26]",6lht0ZurQP2rMOw,-0.948904761904762,75.0,0.8,0.75,0.7755102040816326
0.0,0.0,0.0,0.0,1.0,0.0,0.3,0.02502507227891157,0.07447788477891155,1.0,6.117000000000001,59.55487999999999,"[59.554879999999166, 0.0, 0.0, 0.0, 0.0, 0.0]",0.9319720822509469,"[0.9319720822509547, 0.0, 0.0, 0.0, 0.0, 0.0]","[[-101, -31, 34, -10, 30, -23], [-98, -42, -2, 84, 60, -107], [65, -46, -22, -61, -87, 97], [84, 85, 84, 93, 18, -17]]",53.43787999999999,"[53.43787999999918, 0.0, 0.0, 0.0, 0.0, 0.0]",0.8362473787987859,"[0.8362473787987834, 0.0, 0.0, 0.0, 0.0, 0.0]",63.90200000000002,"[0.06, 0.26, 0.14, 0.54]",3uXiz4V3sUrSmY9,-0.5014666666666667,75.0,0.9066666666666667,1.1666666666666667,1.034013605442177
0.507,0.0,0.0,0.0,0.493,0.0,3.2,0.003902662993572085,0.04700413223140497,1.0,11.0,28.967310000000005,"[35.430000000000206, 0.0, 0.0, 0.0, 0.0, 22.683076923076904]",0.5657346249243209,"[0.6919516434583873, 0.0, 0.0, 0.0, 0.0, 0.4430028889533221]","[[-17, -40, -75, -19, -145, 57], [-60, -77, 11, -48, -57, 46], [65, 14, 45, 68, 43, -74], [-43, -100, 101, 144, 15, -52]]",17.967310000000005,"[24.430000000000167, 0.0, 0.0, 0.0, 0.0, 11.68307692307696]",0.35090346268773304,"[0.47712048122180956, 0.0, 0.0, 0.0, 0.0, 0.2281717267167341]",51.20299999999999,"[0.31, 0.14, 0.41, 0.14]",fNApTMMb9VDwixr,-0.2360047619047619,75.0,0.8,0.75,0.7755102040816326
0.0,0.0,0.257,0.166,0.5770000000000001,0.0,3.2,0.01673055555555556,0.1875,1.0,4.029,68.36,"[68.36000000000043, 68.36000000000024, 68.36000000000006, 0.0, 0.0, 0.0]",1.3350780227721029,"[1.3350780227721082, 1.3350780227721075, 1.335078022772107, 0.0, 0.0, 0.0]","[[11, 127, 163, 10, -12, 60], [-29, 43, 18, 65, 3, -22], [-22, -34, 11, -101, 22, 34], [-98, 115, -44, -8, 33, -7]]",64.331,"[64.68062391681151, 64.81914396887183, 62.360000000000014, 0.0, 0.0, 0.0]",1.2563912270765385,"[1.2632194191123722, 1.2659247303648578, 1.2178973888248732, 0.0, 0.0, 0.0]",51.20299999999999,"[0.08000000000000002, 0.33, 0.16, 0.43]",X1an3is3yUOfCuZ,-1.0,75.0,0.8,0.75,0.7755102040816326
0.0,0.0,0.222,0.0,0.778,0.0,0.3,0.050548710317460326,0.13936515873015873,4.0,3.7119999999999997,41.98074,"[39.840848329048434, 49.479999999999734, 0.0, 0.0, 0.0, 0.0]",0.6569550248818502,"[0.6234679404251721, 0.7743106632030305, 0.0, 0.0, 0.0, 0.0]","[[-64, -14, -37, -37, -139, 10], [-30, 23, 34, -38, 29, 130], [50, -10, -34, 126, -54, 94], [-47, -75, -77, -33, 38, -38]]",27.13274,"[22.07735218508965, 44.84936936936912, 0.0, 0.0, 0.0, 0.0]",0.4245992300710463,"[0.3454876558650736, 0.7018460982343185, 0.0, 0.0, 0.0, 0.0]",63.90200000000002,"[0.06, 0.48, 0.03, 0.43]",Q8ZMcp5SHNKniCj,-0.7621566215662157,75.0,0.96,1.0833333333333335,1.0204081632653061
0.0,0.0,0.16399999999999998,0.157,0.679,0.0,0.3,0.004683333333333335,0.1875,1.0,5.157,68.86,"[68.86000000000045, 68.86000000000008, 68.86000000000006, 0.0, 0.0, 0.0]",1.0775875559450407,"[1.0775875559450336, 1.0775875559450396, 1.07758755594504, 0.0, 0.0, 0.0]","[[-69, 74, -146, 18, -66, -39], [-59, 123, 55, -117, -17, -38], [32, 53, 83, 32, -9, -48], [-24, -104, 109, 21, 25, 52]]",63.70300000000002,"[63.86000000000044, 63.86000000000004, 62.86, 0.0, 0.0, 0.0]",0.996885856467716,"[0.9993427435761071, 0.999342743576105, 0.9836937811023153, 0.0, 0.0, 0.0]",63.90200000000002,"[0.06, 0.07, 0.81, 0.06]",si1lNmExwYp0qHd,-1.0,75.0,0.9066666666666667,1.1666666666666667,1.034013605442177
0.0,0.0,0.0,0.091,0.909,0.0,0.3,0.007754901895943561,0.10056805059523807,1.0,7.059,49.48000000000001,"[49.480000000000594, 0.0, 49.479999999999976, 0.0, 0.0, 0.0]",0.7743106632030297,"[0.7743106632030214, 0.0, 0.7743106632030299, 0.0, 0.0, 0.0]","[[-64, -14, -37, -37, -139, 10], [-30, 23, 34, -38, 29, 130], [50, -10, -34, 126, -54, 94], [-47, -75, -77, -33, 38, -38]]",42.42100000000001,"[42.31498349834999, 0.0, 43.48000000000001, 0.0, 0.0, 0.0]",0.6638446371005602,"[0.6621855888446354, 0.0, 0.6804168883603001, 0.0, 0.0, 0.0]",63.90200000000002,"[0.06, 0.48, 0.03, 0.43]",Q8ZMcp5SHNKniCj,-0.6825,75.0,0.9066666666666667,1.1666666666666667,1.034013605442177
0.0,0.0,0.517,0.0,0.483,0.0,0.3,0.05591388888888889,0.1875,4.0,2.4730000000000003,68.18984000000002,"[66.7002484472053, 69.58147001934235, 0.0, 0.0, 0.0, 0.0]",1.0671002472536073,"[1.043789684942647, 1.0888778132036951, 0.0, 0.0, 0.0, 0.0]","[[-131, 85, 56, -12, -48, 108], [77, -51, -7, -137, 64, 40], [-42, 53, -43, -68, 81, 65], [67, -79, -44, 141, 59, -110]]",58.29784,"[54.12881987577662, 62.19268858800771, 0.0, 0.0, 0.0, 0.0]",0.9123007104628962,"[0.8470598709864513, 0.9732510498577072, 0.0, 0.0, 0.0, 0.0]",63.90200000000002,"[0.06000000000000001, 0.04, 0.88, 0.02]",PCWdMJAPeV3vIAW,-1.0,75.0,0.96,1.0833333333333335,1.0204081632653061
0.0,0.0,0.0,0.0,1.0,0.0,3.2,0.0013621241326660912,0.045393080040588785,1.0,12.639000000000001,24.96,"[24.959999999999425, 0.0, 0.0, 0.0, 0.0, 0.0]",0.4874714372204753,"[0.4874714372204641, 0.0, 0.0, 0.0, 0.0, 0.0]","[[-50, 10, -163, 57, 26, 95], [13, -25, 81, 4, -24, -10], [-85, 19, -88, 37, -86, 5], [-41, 47, 116, -1, -4, -34]]",12.321000000000005,"[12.32099999999973, 0.0, 0.0, 0.0, 0.0, 0.0]",0.2406304318106361,"[0.2406304318106364, 0.0, 0.0, 0.0, 0.0, 0.0]",51.20299999999999,"[0.23, 0.32, 0.29, 0.16]",HO2m16im97e1RLZ,-0.9624464646464648,75.0,0.8,0.75,0.7755102040816326
0.0,0.0,0.0,0.0,1.0,0.0,0.3,0.003163548752834468,0.10949234693877548,1.0,7.516,40.13999999999999,"[40.139999999999574, 0.0, 0.0, 0.0, 0.0, 0.0]",0.62814935369785,"[0.628149353697839, 0.0, 0.0, 0.0, 0.0, 0.0]","[[15, 90, 55, -167, -78, -16], [-46, -81, 39, 134, 26, -7], [46, -19, 69, -177, 14, -104], [-32, -73, -15, 28, 203, 27]]",32.623999999999995,"[32.6239999999996, 0.0, 0.0, 0.0, 0.0, 0.0]",0.510531751744859,"[0.5105317517448722, 0.0, 0.0, 0.0, 0.0, 0.0]",63.90200000000002,"[0.06, 0.01, 0.6, 0.33]",q8OiXnEuGsljtb2,-0.9509047619047618,75.0,0.9066666666666667,1.1666666666666667,1.034013605442177
0.0,0.0,0.0,0.0,1.0,0.0,0.3,0.0034722222222222233,0.09375,1.0,8.0,45.88999999999999,"[45.889999999999546, 0.0, 0.0, 0.0, 0.0, 0.0]",0.7181308879221306,"[0.7181308879221407, 0.0, 0.0, 0.0, 0.0, 0.0]","[[140, 81, 49, 185, 81, -77], [52, 14, -168, 7, -3, 51], [-119, 61, -183, 64, -31, 6], [49, -53, -44, -94, 23, -90]]",37.88999999999999,"[37.88999999999958, 0.0, 0.0, 0.0, 0.0, 0.0]",0.592939188131827,"[0.5929391881318231, 0.0, 0.0, 0.0, 0.0, 0.0]",63.90200000000002,"[0.04, 0.29, 0.65, 0.02]",lIbaNiqegro6KIA,-0.8313333333333333,75.0,0.9066666666666667,1.1666666666666667,1.034013605442177
0.0,0.0,0.0,0.0,1.0,0.0,3.2,0.004263238445056628,0.04091230486685032,1.0,11.495999999999999,39.090000000000025,"[39.08999999999955, 0.0, 0.0, 0.0, 0.0, 0.0]",0.7634318301662013,"[0.7634318301661911, 0.0, 0.0, 0.0, 0.0, 0.0]","[[27, -53, -32, -18, 75, 68], [29, 3, 15, 149, -146, 2], [9, 32, -68, 54, -108, -104], [98, 31, 97, 8, -114, -101]]",27.59400000000001,"[27.594000000000133, 0.0, 0.0, 0.0, 0.0, 0.0]",0.5389137355233091,"[0.5389137355233105, 0.0, 0.0, 0.0, 0.0, 0.0]",51.20299999999999,"[0.29, 0.22, 0.26, 0.23]",tK9NSXZJXL2a1DM,-0.5143333333333333,75.0,0.8,0.75,0.7755102040816326
0.0,0.0,0.757,0.0,0.243,0.0,3.2,0.0904027777777778,0.1875,4.0,1.768,90.20015,"[101.59045267489729, 86.54381770145287, 0.0, 0.0, 0.0, 0.0]",1.7616184598558682,"[1.9840722745717543, 1.6902099037449632, 0.0, 0.0, 0.0, 0.0]","[[87, 10, 22, -15, 44, 161], [93, 107, -71, -46, 3, 182], [-167, 82, -41, 30, -43, -5], [127, 73, -100, -78, 2, -23]]",83.12814999999998,"[91.23654320987664, 80.52532364597074, 0.0, 0.0, 0.0, 0.0]",1.6235015526433998,"[1.78185932874786, 1.5726680789401277, 0.0, 0.0, 0.0, 0.0]",51.20299999999999,"[0.19, 0.51, 0.1, 0.2]",B9PWF5Bu1hHzIBA,-1.0,75.0,1.3333333333333333,1.0,1.1700680272108843
0.0,0.0,0.5820000000000001,0.0,0.418,0.0,3.2,0.09002777777777779,0.1875,4.0,1.7590000000000001,42.59599,"[51.51476076555035, 36.190412371134315, 0.0, 0.0, 0.0, 0.0]",0.8319041853016425,"[1.0060887206911686, 0.7068025774101891, 0.0, 0.0, 0.0, 0.0]","[[-16, 29, 52, 15, -102, 114], [68, 33, 81, -31, 134, 13], [36, -22, 1, 47, 23, -38], [-171, -81, 65, 13, 28, -35]]",35.55998999999999,"[41.26595693779926, 31.46189003436457, 0.0, 0.0, 0.0, 0.0]",0.6944903618928577,"[0.8059284990683941, 0.6144540365674724, 0.0, 0.0, 0.0, 0.0]",51.20299999999999,"[0.05, 0.47, 0.28, 0.2]",KKfFP00BlY0FyTD,-1.0,75.0,1.3333333333333333,1.0,1.1700680272108843
0.0,0.0,0.488,0.187,0.325,0.0,3.2,0.03872500000000001,0.1875,4.0,3.551,68.36,"[68.36000000000031, 68.3600000000004, 68.36000000000011, 0.0, 0.0, 0.0]",1.3350780227721029,"[1.3350780227721077, 1.3350780227721082, 1.335078022772107, 0.0, 0.0, 0.0]","[[11, 127, 163, 10, -12, 60], [-29, 43, 18, 65, 3, -22], [-22, -34, 11, -101, 22, 34], [-98, 115, -44, -8, 33, -7]]",54.15600000000001,"[52.43384615384639, 59.05672131147578, 44.359999999999864, 0.0, 0.0, 0.0]",1.0576724020076949,"[1.024038555433201, 1.1533840070205885, 0.8663554869831851, 0.0, 0.0, 0.0]",51.20299999999999,"[0.08000000000000002, 0.33, 0.16, 0.43]",X1an3is3yUOfCuZ,-1.0,75.0,1.3333333333333333,1.0,1.1700680272108843
0.0,0.0,0.395,0.163,0.442,0.0,3.2,0.013372222222222226,0.1875,1.0,4.2589999999999995,18.920000000000012,"[18.920000000000062, 18.92000000000006, 18.92000000000004, 0.0, 0.0, 0.0]",0.36950959904693104,"[0.3695095990469302, 0.36950959904693126, 0.36950959904692987, 0.0, 0.0, 0.0]","[[-96, -56, -98, 47, -66, 28], [14, -71, 27, 42, 25, -47], [-2, 87, 17, -40, 66, -69], [112, -22, -4, -108, -63, 30]]",14.661000000000007,"[15.248054298642593, 14.722531645569678, 12.920000000000028, 0.0, 0.0, 0.0]",0.2863308790500557,"[0.29779611152945296, 0.28753259858933317, 0.2523289650997006, 0.0, 0.0, 0.0]",51.20299999999999,"[0.3, 0.22, 0.08, 0.4]",iubSyA0EPXwngsD,-1.0,75.0,0.8,0.75,0.7755102040816326
0.0,0.0,0.257,0.124,0.619,0.0,0.3,0.03987222222222223,0.1875,4.0,3.512,39.165620000000004,"[39.041777059773494, 38.99377431906615, 40.14000000000003, 0.0, 0.0, 0.0]",0.6129013176426403,"[0.6109633041183887, 0.6102121110304216, 0.6281493536978501, 0.0, 0.0, 0.0]","[[15, 90, 55, -167, -78, -16], [-46, -81, 39, 134, 26, -7], [46, -19, 69, -177, 14, -104], [-32, -73, -15, 28, 203, 27]]",25.11761999999999,"[23.752600969305146, 32.73696498054486, 16.140000000000043, 0.0, 0.0, 0.0]",0.3930646928108665,"[0.37170356122351983, 0.5122995364862577, 0.2525742543269376, 0.0, 0.0, 0.0]",63.90200000000002,"[0.06, 0.01, 0.6, 0.33]",q8OiXnEuGsljtb2,-1.0,75.0,0.96,1.0833333333333335,1.0204081632653061
0.0,0.0,0.0,0.9990000000000001,0.001,0.0,3.2,5.5555555555555575e-06,0.1875,4.0,5.999,33.26,"[33.260000000000005, 0.0, 33.25999999999933, 0.0, 0.0, 0.0]",0.6495713141808098,"[0.6495713141808098, 0.0, 0.6495713141808099, 0.0, 0.0, 0.0]","[[-33, -36, -64, -39, -109, 24], [-9, 26, 36, 11, 43, 38], [61, -11, 147, 71, 140, 2], [13, -125, 64, -113, -76, 69]]",9.264000000000003,"[13.260000000000005, 0.0, 9.260000000000167, 0.0, 0.0, 0.0]",0.18092689881452267,"[0.25896920102337767, 0.0, 0.18084877839189067, 0.0, 0.0, 0.0]",51.20299999999999,"[0.4, 0.14, 0.2, 0.26]",6lht0ZurQP2rMOw,-1.0,75.0,1.3333333333333333,1.0,1.1700680272108843
0.0,0.0,0.0,0.0,1.0,0.0,3.2,0.0032831790123456803,0.08524305555555554,4.0,8.49,34.602059999999994,"[34.60205999999978, 0.0, 0.0, 0.0, 0.0, 0.0]",0.6757818877800129,"[0.6757818877800263, 0.0, 0.0, 0.0, 0.0, 0.0]","[[-85, 44, -96, -82, -36, 62], [-103, 20, 12, 8, 1, -43], [41, -70, 89, 62, 54, 43], [19, -133, -24, 127, 45, 36]]",0.6420599999999982,"[0.6420600000000102, 0.0, 0.0, 0.0, 0.0, 0.0]",0.012539499638693012,"[0.01253949963869291, 0.0, 0.0, 0.0, 0.0, 0.0]",51.20299999999999,"[0.14, 0.45, 0.05, 0.36]",l6dGWbHa5ETDOcj,-0.9565357142857144,75.0,1.3333333333333333,1.0,1.1700680272108843
0.0,0.0,0.32799999999999996,0.0,0.672,0.0,3.2,0.06857777777777778,0.1875,1.0,2.3280000000000003,80.66792,"[80.96937499999946, 80.05030487804879, 0.0, 0.0, 0.0, 0.0]",1.5754530008007344,"[1.5813404488018281, 1.563390912213118, 0.0, 0.0, 0.0, 0.0]","[[11, 99, 37, 96, -15, -10], [-102, 110, 161, -24, -71, 37], [-55, 8, 9, 21, 70, 82], [-34, -16, 17, 136, 62, 150]]",78.33991999999998,"[77.993184523809, 79.05030487804878, 0.0, 0.0, 0.0, 0.0]",1.5299869148292096,"[1.5232151343438758, 1.543860806555258, 0.0, 0.0, 0.0, 0.0]",51.20299999999999,"[0.1, 0.54, 0.15, 0.21]",aYhiKG1buBq3xGu,-1.0,75.0,0.8,0.75,0.7755102040816326
0.0,0.0,0.8290000000000001,0.0,0.171,0.0,3.2,0.11055555555555556,0.1875,4.0,1.374,5.482569999999996,"[-0.5833918128654991, 6.733811821471722, 0.0, 0.0, 0.0, 0.0]",0.10707517137667708,"[-0.011393703745200363, 0.13151205635356716, 0.0, 0.0, 0.0, 0.0]","[[-17, -40, -75, -19, -145, 57], [-60, -77, 11, -48, -57, 46], [65, 14, 45, 68, 43, -74], [-43, -100, 101, 144, 15, -52]]",-0.013430000000003474,"[-9.355321637426883, 1.9135464414958059, 0.0, 0.0, 0.0, 0.0]",-0.00026228931898530304,"[-0.1827104200423199, 0.03737176418365666, 0.0, 0.0, 0.0, 0.0]",51.20299999999999,"[0.31, 0.14, 0.41, 0.14]",fNApTMMb9VDwixr,-1.0,75.0,1.3333333333333333,1.0,1.1700680272108843
0.0,0.0,0.327,0.183,0.49,0.0,3.2,0.03888055555555557,0.1875,4.0,3.562,4.6099999999999985,"[4.609999999999971, 4.6099999999999755, 4.610000000000011, 0.0, 0.0, 0.0]",0.09003378708278811,"[0.0900337870827883, 0.09003378708278828, 0.09003378708278827, 0.0, 0.0, 0.0]","[[-51, -5, -21, 22, 85, -162], [116, -83, -48, -153, -19, -15], [-145, 63, 35, 42, -11, 57], [65, 89, -67, -6, 64, -24]]",-9.638,"[-10.753265306122492, -2.5092660550458605, -19.389999999999972, 0.0, 0.0, 0.0]",-0.18823115833056656,"[-0.21001240759569542, -0.049006231178756625, -0.3786887487061312, 0.0, 0.0, 0.0]",51.20299999999999,"[0.15, 0.31, 0.28, 0.26]",KUyNdHbCfa4jtIt,-1.0,75.0,1.3333333333333333,1.0,1.1700680272108843
0.0,0.0,0.675,0.0,0.325,0.0,3.2,0.08880555555555557,0.1875,4.0,1.797,32.99278999999999,"[18.61126153846159, 39.91722962963007, 0.0, 0.0, 0.0, 0.0]",0.6443526746479697,"[0.36347990427243704, 0.7795877122361962, 0.0, 0.0, 0.0, 0.0]","[[-9, -78, -36, -68, -82, 62], [135, -24, -85, -12, 1, -37], [-114, 88, -33, 158, -29, -49], [34, 60, -124, 8, -30, 180]]",25.804789999999997,"[8.272799999999979, 34.24611851851888, 0.0, 0.0, 0.0, 0.0]",0.5039702751791887,"[0.16156865808644086, 0.6688303130386578, 0.0, 0.0, 0.0, 0.0]",51.20299999999999,"[0.3, 0.28, 0.07, 0.35]",uosTR7R5rWOZ2TL,-1.0,75.0,1.3333333333333333,1.0,1.1700680272108843
0.0,0.0,0.0,0.0,1.0,0.0,0.3,0.0031412273242630395,0.11063073979591836,1.0,7.481,50.34604,"[50.34604000000029, 0.0, 0.0, 0.0, 0.0, 0.0]",0.7878632906638291,"[0.7878632906638172, 0.0, 0.0, 0.0, 0.0, 0.0]","[[-53, 18, 23, -85, 45, -33], [-49, 130, -42, -100, 156, -80], [-29, 8, -51, -42, 21, 17], [4, 19, 36, -77, -8, 23]]",42.86504,"[42.865039999999986, 0.0, 0.0, 0.0, 0.0, 0.0]",0.670793402397421,"[0.6707934023974222, 0.0, 0.0, 0.0, 0.0, 0.0]",63.90200000000002,"[0.5, 0.19, 0.15, 0.16]",mlhb2P64mtEuQDH,-0.9464285714285712,75.0,0.9066666666666667,1.1666666666666667,1.034013605442177
0.0,0.0,0.183,0.165,0.652,0.0,3.2,0.00523888888888889,0.1875,1.0,5.093,4.6099999999999985,"[4.61000000000001, 4.610000000000011, 4.610000000000011, 0.0, 0.0, 0.0]",0.09003378708278811,"[0.0900337870827883, 0.09003378708278827, 0.09003378708278828, 0.0, 0.0, 0.0]","[[-51, -5, -21, 22, 85, -162], [116, -83, -48, -153, -19, -15], [-145, 63, 35, 42, -11, 57], [65, 89, -67, -6, 64, -24]]",-0.4830000000000006,"[-0.3041104294478486, -0.30256830601092954, -1.3899999999999944, 0.0, 0.0, 0.0]",-0.009433041032751995,"[-0.005939308818777304, -0.0059091909851167026, -0.027146846864441496, 0.0, 0.0, 0.0]",51.20299999999999,"[0.15, 0.31, 0.28, 0.26]",KUyNdHbCfa4jtIt,-1.0,75.0,0.8,0.75,0.7755102040816326
0.0,0.0,0.243,0.0,0.757,0.0,0.3,0.04756166666666667,0.159105,4.0,3.266,46.36473999999999,"[46.58454425363278, 45.680000000000156, 0.0, 0.0, 0.0, 0.0]",0.7255600763669369,"[0.7289997848836147, 0.7148446058026338, 0.0, 0.0, 0.0, 0.0]","[[-69, 20, -39, -17, -12, -39], [-84, 32, 105, 26, 11, 10], [55, 72, -55, -6, -46, 98], [-48, 65, 13, 95, 7, -61]]",33.300740000000005,"[31.17107001321006, 39.93514403292195, 0.0, 0.0, 0.0, 0.0]",0.5211220306093706,"[0.48779490490454375, 0.6249435703565119, 0.0, 0.0, 0.0, 0.0]",63.90200000000002,"[0.02, 0.47, 0.14, 0.37]",02RpShoPR0hc5AX,-0.8789204097714737,75.0,0.96,1.0833333333333335,1.0204081632653061
0.0,0.0,0.0,0.0,1.0,0.0,3.2,0.0029916266691861933,0.07948666950113377,1.0,8.94,36.13056999999999,"[36.13056999999971, 0.0, 0.0, 0.0, 0.0, 0.0]",0.7056338495791263,"[0.7056338495791348, 0.0, 0.0, 0.0, 0.0, 0.0]","[[-22, -114, 79, 5, 92, -114], [-33, 60, -77, -61, 40, 174], [-71, 31, -34, -6, -5, 13], [-49, 92, 93, 56, 67, -111]]",27.19057,"[27.190569999999592, 0.0, 0.0, 0.0, 0.0, 0.0]",0.5310347049977541,"[0.5310347049977506, 0.0, 0.0, 0.0, 0.0, 0.0]",51.20299999999999,"[0.25, 0.11, 0.47, 0.17]",f2xpn3YCjwjoU5x,-0.9556825396825396,75.0,0.8,0.75,0.7755102040816326
0.0,0.0,0.0,0.0,1.0,0.0,0.3,0.0028344671201814067,0.1262755102040816,1.0,7.0,27.779999999999994,"[27.779999999999692, 0.0, 0.0, 0.0, 0.0, 0.0]",0.4347281775218302,"[0.4347281775218332, 0.0, 0.0, 0.0, 0.0, 0.0]","[[13, 44, -5, 28, -6, -76], [-40, 25, 9, -196, 123, -17], [-133, 45, -113, -55, 31, -16], [50, -67, -24, -11, -31, -43]]",20.779999999999994,"[20.77999999999998, 0.0, 0.0, 0.0, 0.0, 0.0]",0.3251854402053144,"[0.32518544020530804, 0.0, 0.0, 0.0, 0.0, 0.0]",63.90200000000002,"[0.38, 0.05, 0.02, 0.55]",nQ4KJRm5qzDmfGs,-0.9473333333333332,75.0,0.9066666666666667,1.1666666666666667,1.034013605442177
0.0,0.0,0.868,0.0,0.132,0.0,0.3,0.11,0.1875,4.0,1.3880000000000001,57.502280000000006,"[45.073636363636226, 59.392350230414976, 0.0, 0.0, 0.0, 0.0]",0.8998510218772494,"[0.7053556440117109, 0.9294286599858355, 0.0, 0.0, 0.0, 0.0]","[[-78, 47, -34, 184, -97, -79], [-99, 36, -76, 99, -22, 31], [-87, 88, 57, 26, 142, 59], [88, -44, 138, 16, 128, 71]]",51.95028,"[36.04333333333323, 54.36930875576055, 0.0, 0.0, 0.0, 0.0]",0.8129679822227786,"[0.5640407707635653, 0.850823272444688, 0.0, 0.0, 0.0, 0.0]",63.90200000000002,"[0.19, 0.01, 0.45, 0.35]",YwmSZ9XOPRdJfbN,-1.0,75.0,0.96,1.0833333333333335,1.0204081632653061
0.0,0.0,0.003,0.0,0.997,0.0,0.3,0.03768791383219955,0.07752041383219953,1.0,4.6339999999999995,77.35423999999998,"[77.31603811434397, 90.05, 0.0, 0.0, 0.0, 0.0]",1.2105135989483895,"[1.2099157790733057, 1.4091890707646082, 0.0, 0.0, 0.0, 0.0]","[[-78, 47, -34, 184, -97, -79], [-99, 36, -76, 99, -22, 31], [-87, 88, 57, 26, 142, 59], [88, -44, 138, 16, 128, 71]]",72.72023999999998,"[72.67712136409327, 87.05, 0.0, 0.0, 0.0, 0.0]",1.1379963068448562,"[1.1373215449296106, 1.362242183343244, 0.0, 0.0, 0.0, 0.0]",63.90200000000002,"[0.19, 0.01, 0.45, 0.35]",YwmSZ9XOPRdJfbN,-0.6338333333333332,75.0,0.9066666666666667,1.1666666666666667,1.034013605442177
0.0,0.0,0.649,0.0,0.35100000000000003,0.0,3.2,0.03974947089947091,0.15733603174603175,1.0,4.102,67.80999999999997,"[67.8100000000003, 67.80999999999983, 0.0, 0.0, 0.0, 0.0]",1.3243364646602738,"[1.3243364646602793, 1.3243364646602849, 0.0, 0.0, 0.0, 0.0]","[[-9, -78, -36, -68, -82, 62], [135, -24, -85, -12, 1, -37], [-114, 88, -33, 158, -29, -49], [34, 60, -124, 8, -30, 180]]",63.70799999999997,"[61.097749287749465, 65.11970724191056, 0.0, 0.0, 0.0, 0.0]",1.2442239712516845,"[1.1932454990478931, 1.271794762844178, 0.0, 0.0, 0.0, 0.0]",51.20299999999999,"[0.3, 0.28, 0.07, 0.35]",uosTR7R5rWOZ2TL,-0.9123119556611244,75.0,0.8,0.75,0.7755102040816326
0.0,0.0,0.626,0.0,0.374,0.0,3.2,0.08831944444444445,0.1875,4.0,1.796,32.26643000000001,"[40.61855614973273, 27.276501597444277, 0.0, 0.0, 0.0, 0.0]",0.6301667871023182,"[0.793284693274467, 0.5327129581751854, 0.0, 0.0, 0.0, 0.0]","[[40, -1, 19, 112, 19, 75], [47, -114, -98, -38, 13, 86], [-90, -72, -11, -87, 87, 65], [-102, 34, -87, 15, -12, 57]]",25.08243,"[29.880588235294155, 22.215798722044855, 0.0, 0.0, 0.0, 0.0]",0.4898625080561686,"[0.5835710453546497, 0.4338768963155407, 0.0, 0.0, 0.0, 0.0]",51.20299999999999,"[0.45, 0.2, 0.18, 0.17]",B7AmiGrF0VHtZKs,-1.0,75.0,1.3333333333333333,1.0,1.1700680272108843
0.0,0.0,0.168,0.163,0.669,0.0,0.3,0.0046500000000000005,0.1875,1.0,5.162999999999999,72.14,"[72.13999999999955, 72.1399999999999, 72.13999999999992, 0.0, 0.0, 0.0]",1.1289161528590657,"[1.128916152859081, 1.1289161528590632, 1.1289161528590632, 0.0, 0.0, 0.0]","[[-131, 85, 56, -12, -48, 108], [77, -51, -7, -137, 64, 40], [-42, 53, -43, -68, 81, 65], [67, -79, -44, 141, 59, -110]]",66.977,"[67.13999999999956, 67.13999999999994, 66.13999999999996, 0.0, 0.0, 0.0]",1.0481205596068983,"[1.0506713404901145, 1.0506713404901222, 1.0350223780163397, 0.0, 0.0, 0.0]",63.90200000000002,"[0.06000000000000001, 0.04, 0.88, 0.02]",PCWdMJAPeV3vIAW,-1.0,75.0,0.9066666666666667,1.1666666666666667,1.034013605442177
0.0,0.0,0.845,0.155,0.0,0.0,3.2,0.041125000000000016,0.1875,4.0,3.4589999999999996,18.920000000000012,"[0.0, 18.920000000000066, 18.92000000000004, 0.0, 0.0, 0.0]",0.36950959904693104,"[0.0, 0.369509599046926, 0.36950959904693, 0.0, 0.0, 0.0]","[[-96, -56, -98, 47, -66, 28], [14, -71, 27, 42, 25, -47], [-2, 87, 17, -40, 66, -69], [112, -22, -4, -108, -63, 30]]",5.084000000000001,"[0.0, 6.948402366863961, -5.080000000000006, 0.0, 0.0, 0.0]",0.0992910571646193,"[0.0, 0.1357030323782569, -0.09921293674198807, 0.0, 0.0, 0.0]",51.20299999999999,"[0.3, 0.22, 0.08, 0.4]",iubSyA0EPXwngsD,-1.0,75.0,1.3333333333333333,1.0,1.1700680272108843
0.0,0.0,0.17600000000000002,0.155,0.669,0.0,0.3,0.02048333333333334,0.1875,4.0,3.859,54.01,"[54.00999999999954, 54.01000000000017, 54.01000000000016, 0.0, 0.0, 0.0]",0.8452004632092894,"[0.8452004632092788, 0.8452004632092922, 0.8452004632092918, 0.0, 0.0, 0.0]","[[-53, 18, 23, -85, 45, -33], [-49, 130, -42, -100, 156, -80], [-29, 8, -51, -42, 21, 17], [4, 19, 36, -77, -8, 23]]",38.574,"[39.36127055306378, 43.12363636363652, 30.01000000000012, 0.0, 0.0, 0.0]",0.6036430784638979,"[0.6159630458055205, 0.6748401671878242, 0.46962536383837644, 0.0, 0.0, 0.0]",63.90200000000002,"[0.5, 0.19, 0.15, 0.16]",mlhb2P64mtEuQDH,-1.0,75.0,0.96,1.0833333333333335,1.0204081632653061
0.0,0.0,0.29,0.0,0.71,0.0,0.3,0.0499451851851852,0.16036361111111108,4.0,3.103,63.08628999999999,"[68.82881690140891, 49.026999999999774, 0.0, 0.0, 0.0, 0.0]",0.9872349848205064,"[1.0770995728053658, 0.7672216832024015, 0.0, 0.0, 0.0, 0.0]","[[-90, 14, -114, -41, 210, 42], [-91, 101, 22, 57, 105, 86], [94, -30, 150, -10, -154, 52], [-78, -66, 54, 90, -24, 34]]",50.67428999999999,"[54.06825352112665, 42.364931034482616, 0.0, 0.0, 0.0, 0.0]",0.7930000625958499,"[0.8461120703753668, 0.6629672159632354, 0.0, 0.0, 0.0, 0.0]",63.90200000000002,"[0.01999999999999999, 0.01, 0.47, 0.5]",VHZfp8VcgwqWdru,-0.9015513126491648,75.0,0.96,1.0833333333333335,1.0204081632653061
0.0,0.0,0.222,0.16399999999999998,0.614,0.0,3.2,0.042884814814814834,0.17196222222222224,1.0,3.763,33.955,"[36.63625407166106, 29.689999999999873, 29.689999999999973, 0.0, 0.0, 0.0]",0.6631447376130305,"[0.7155099129281642, 0.579848836982208, 0.5798488369822081, 0.0, 0.0, 0.0]","[[40, -1, 19, 112, 19, 75], [47, -114, -98, -38, 13, 86], [-90, -72, -11, -87, 87, 65], [-102, 34, -87, 15, -12, 57]]",30.191999999999997,"[32.53201954397388, 28.52333333333322, 23.690000000000047, 0.0, 0.0, 0.0]",0.5896529500224597,"[0.635353778957752, 0.5570637137146888, 0.46266820303497946, 0.0, 0.0, 0.0]",51.20299999999999,"[0.45, 0.2, 0.18, 0.17]",B7AmiGrF0VHtZKs,-0.9487116564417178,75.0,0.8,0.75,0.7755102040816326
0.0,0.0,0.0,1.0,0.0,0.0,3.2,0.0,0.1875,4.0,6.0,8.310000000000004,"[0.0, 0.0, 8.310000000000167, 0.0, 0.0, 0.0]",0.1622951780169131,"[0.0, 0.0, 0.16229517801691318, 0.0, 0.0, 0.0]","[[-22, -114, 79, 5, 92, -114], [-33, 60, -77, -61, 40, 174], [-71, 31, -34, -6, -5, 13], [-49, 92, 93, 56, 67, -111]]",-15.689999999999996,"[0.0, 0.0, -15.69000000000015, 0.0, 0.0, 0.0]",-0.3064273577720055,"[0.0, 0.0, -0.3064273577720083, 0.0, 0.0, 0.0]",51.20299999999999,"[0.25, 0.11, 0.47, 0.17]",f2xpn3YCjwjoU5x,-1.0,75.0,1.3333333333333333,1.0,1.1700680272108843
0.0,0.0,0.5429999999999999,0.0,0.457,0.0,3.2,0.07119212962962965,0.17980902777777774,1.0,2.214,94.71475,"[98.35312910284476, 91.65261510128859, 0.0, 0.0, 0.0, 0.0]",1.8497890748588952,"[1.920847003160841, 1.7899852567484105, 0.0, 0.0, 0.0, 0.0]","[[87, 10, 22, -15, 44, 161], [93, 107, -71, -46, 3, 182], [-167, 82, -41, 30, -43, -5], [127, 73, -100, -78, 2, -23]]",92.50075,"[95.46910284463905, 90.00252302025734, 0.0, 0.0, 0.0, 0.0]",1.8065494209323671,"[1.8645216656180075, 1.7577587840606546, 0.0, 0.0, 0.0, 0.0]",51.20299999999999,"[0.19, 0.51, 0.1, 0.2]",B9PWF5Bu1hHzIBA,-0.9551282051282052,75.0,0.8,0.75,0.7755102040816326
0.0,0.0,0.67,0.0,0.33,0.0,0.3,0.06656666666666669,0.1875,4.0,2.3480000000000003,47.43849999999998,"[49.14999999999975, 46.59552238805955, 0.0, 0.0, 0.0, 0.0]",0.7423633063127913,"[0.7691465055866842, 0.7291715812972994, 0.0, 0.0, 0.0, 0.0]","[[140, 81, 49, 185, 81, -77], [52, 14, -168, 7, -3, 51], [-119, 61, -183, 64, -31, 6], [49, -53, -44, -94, 23, -90]]",38.04649999999999,"[37.38030303030281, 38.37462686567149, 0.0, 0.0, 0.0, 0.0]",0.5953882507589746,"[0.5849629593800352, 0.6005230957665083, 0.0, 0.0, 0.0, 0.0]",63.90200000000002,"[0.04, 0.29, 0.65, 0.02]",lIbaNiqegro6KIA,-1.0,75.0,0.96,1.0833333333333335,1.0204081632653061
0.0,0.0,0.0,0.0,1.0,0.0,0.3,0.005541202128999748,0.10324676398337113,1.0,7.321000000000001,45.73405999999999,"[45.73406000000025, 0.0, 0.0, 0.0, 0.0, 0.0]",0.7156905887139683,"[0.7156905887139754, 0.0, 0.0, 0.0, 0.0, 0.0]","[[-69, 20, -39, -17, -12, -39], [-84, 32, 105, 26, 11, 10], [55, 72, -55, -6, -46, 98], [-48, 65, 13, 95, 7, -61]]",38.41306,"[38.413060000000215, 0.0, 0.0, 0.0, 0.0, 0.0]",0.6011245344433662,"[0.6011245344433568, 0.0, 0.0, 0.0, 0.0, 0.0]",63.90200000000002,"[0.02, 0.47, 0.14, 0.37]",02RpShoPR0hc5AX,-0.7821285714285714,75.0,0.9066666666666667,1.1666666666666667,1.034013605442177
0.0,0.0,0.495,0.0,0.505,0.0,3.2,0.03981058390022677,0.1576998044217687,4.0,4.022,4.423939999999999,"[27.739999999999814, -19.36315151515152, 0.0, 0.0, 0.0, 0.0]",0.08640001562408453,"[0.5417651309493597, -0.37816439496028575, 0.0, 0.0, 0.0, 0.0]","[[2, 30, -23, 26, 24, -26], [-77, 73, -11, 60, -57, 2], [-44, -40, -49, -44, 100, -98], [31, 24, -31, -144, -34, -8]]",-11.664060000000001,"[5.165742574257379, -28.83385858585882, 0.0, 0.0, 0.0, 0.0]",-0.22780032419975396,"[0.10088749827661248, -0.5631283047059443, 0.0, 0.0, 0.0, 0.0]",51.20299999999999,"[0.2, 0.3, 0.19, 0.31]",2O9UAcifjV8B4g6,-0.8901352426412092,75.0,1.3333333333333333,1.0,1.1700680272108843
0.0,0.0,0.8340000000000001,0.166,0.0,0.0,0.3,0.042422222222222215,0.1875,4.0,3.407,79.61999999999998,"[0.0, 79.62000000000107, 79.62000000000025, 0.0, 0.0, 0.0]",1.2459703921629992,"[0.0, 1.2459703921630079, 1.2459703921630019, 0.0, 0.0, 0.0]","[[10, -11, 78, -20, 94, 69], [-36, -45, 82, -86, -100, 31], [-48, -38, -84, 6, 116, -74], [114, 25, -50, -68, 52, 53]]",65.992,"[0.0, 68.05645083932946, 55.62000000000001, 0.0, 0.0, 0.0]",1.032706331570217,"[0.0, 1.0650128452838536, 0.8703952927920868, 0.0, 0.0, 0.0]",63.90200000000002,"[0.09, 0.1, 0.61, 0.2]",rVjVpCboG0KJwv1,-1.0,75.0,0.96,1.0833333333333335,1.0204081632653061
