Other,Rand,SAT_TTB,TTB,TTB_SAT,WADD,alpha,click_var_gamble,click_var_outcome,cost,nr_clicks,payoff_gross,payoff_gross_by_strategy,payoff_gross_relative,payoff_gross_relative_by_strategy,payoff_matrix,payoff_net,payoff_net_by_strategy,payoff_net_relative,payoff_net_relative_by_strategy,payoff_perfect,probabilities,problem_id,processing_pattern,sigma,trial_weight_con,trial_weight_exp,trial_weight
0.011000000000000001,0.0,0.2,0.156,0.633,0.0,0.3,0.0067800000000000004,0.18583222222222215,1.0,4.918,91.59999999999998,"[91.59999999999903, 91.60000000000008, 91.60000000000024, 0.0, 0.0, 91.60000000000001]",1.4334449625989796,"[1.4334449625989707, 1.4334449625989742, 1.4334449625989758, 0.0, 0.0, 1.4334449625989796]","[[-40, -36, -135, 25, -23, -26], [75, -26, -49, -47, -134, -139], [-4, -30, -59, 98, 129, -6], [72, -44, 39, 7, -30, 7]]",86.68199999999999,"[86.88909952606541, 86.91000000000017, 85.60000000000024, 0.0, 0.0, 85.96363636363638]",1.3564833651528905,"[1.3597242578646445, 1.3600513285969151, 1.339551187756255, 0.0, 0.0, 1.3452417195649018]",63.90200000000002,"[0.029999999999999992, 0.01, 0.77, 0.19]",Z6igLUgOZ1o22OJ,-0.9963333333333334,75.0,1.0097087378640777,1.0101010101010102,1.00990099009901
0.001,0.0,0.0,0.0,0.9990000000000001,0.0,0.3,0.0223782706601159,0.08975037706286218,1.0,5.647,95.44000000000004,"[95.44000000000132, 0.0, 0.0, 0.0, 0.0, 95.44]",1.4935369784983257,"[1.4935369784983046, 0.0, 0.0, 0.0, 0.0, 1.4935369784983255]","[[-90, 14, -114, -41, 210, 42], [-91, 101, 22, 57, 105, 86], [94, -30, 150, -10, -154, 52], [-78, -66, 54, 90, -24, 34]]",89.79300000000003,"[89.79435435435562, 0.0, 0.0, 0.0, 0.0, 88.44]",1.4051672874088448,"[1.405188481649307, 0.0, 0.0, 0.0, 0.0, 1.3839942411818096]",63.90200000000002,"[0.01999999999999999, 0.01, 0.47, 0.5]",VHZfp8VcgwqWdru,-0.7065798263193052,75.0,1.0097087378640777,1.0101010101010102,1.00990099009901
0.0,0.0,0.212,0.0,0.7879999999999999,0.0,0.3,0.05267119425547999,0.12097642857142855,4.0,3.613,51.42096,"[50.38456852791833, 55.27320754716985, 0.0, 0.0, 0.0, 0.0]",0.8046846734061531,"[0.7884662221513965, 0.8649683507115588, 0.0, 0.0, 0.0, 0.0]","[[-101, -31, 34, -10, 30, -23], [-98, -42, -2, 84, 60, -107], [65, -46, -22, -61, -87, 97], [84, 85, 84, 93, 18, -17]]",36.96896000000001,"[33.63837563451728, 49.348679245283066, 0.0, 0.0, 0.0, 0.0]",0.5785258677349692,"[0.5264056779837539, 0.7722556296404335, 0.0, 0.0, 0.0, 0.0]",63.90200000000002,"[0.06, 0.26, 0.14, 0.54]",3uXiz4V3sUrSmY9,-0.7180373460468813,75.0,0.9514563106796116,0.9494949494949495,0.9504950495049505
0.0,0.0,0.18100000000000002,0.146,0.6729999999999999,0.0,0.3,0.005627777777777778,0.1875,4.0,5.04,68.86,"[68.86000000000045, 68.86000000000013, 68.86000000000003, 0.0, 0.0, 0.0]",1.0775875559450407,"[1.0775875559450339, 1.0775875559450387, 1.0775875559450407, 0.0, 0.0, 0.0]","[[-69, 74, -146, 18, -66, -39], [-59, 123, 55, -117, -17, -38], [32, 53, 83, 32, -9, -48], [-24, -104, 109, 21, 25, 52]]",48.70000000000002,"[49.33548291233325, 49.43458563535906, 44.85999999999994, 0.0, 0.0, 0.0]",0.7621044724734751,"[0.7720491207212954, 0.7735999755149957, 0.7020124565741277, 0.0, 0.0, 0.0]",63.90200000000002,"[0.06, 0.07, 0.81, 0.06]",si1lNmExwYp0qHd,-1.0,75.0,0.9514563106796116,0.9494949494949495,0.9504950495049505
0.0,0.0,0.0,0.0,1.0,0.0,0.3,0.016062688964474683,0.0976939909297052,4.0,6.15,77.4,"[77.39999999999998, 0.0, 0.0, 0.0, 0.0, 0.0]",1.21122969547119,"[1.2112296954711967, 0.0, 0.0, 0.0, 0.0, 0.0]","[[61, -42, -94, -52, -163, 53], [85, -65, -84, 88, 40, 87], [53, -6, 64, -32, 83, -117], [101, 67, 39, -108, -29, 8]]",52.79999999999998,"[52.80000000000092, 0.0, 0.0, 0.0, 0.0, 0.0]",0.8262652186160058,"[0.8262652186160172, 0.0, 0.0, 0.0, 0.0, 0.0]",63.90200000000002,"[0.51, 0.17, 0.01, 0.31]",55wGWrG0AsulSFG,-0.7942809523809524,75.0,0.9514563106796116,0.9494949494949495,0.9504950495049505
0.0,0.0,0.0,0.0,1.0,0.0,3.2,0.01068376068376068,0.01590236686390533,1.0,13.0,52.13,"[52.129999999999235, 0.0, 0.0, 0.0, 0.0, 0.0]",1.0181044079448471,"[1.0181044079448593, 0.0, 0.0, 0.0, 0.0, 0.0]","[[1, 65, 8, 6, 47, 37], [23, -138, 57, 1, -97, -73], [-83, -200, 54, 89, 118, -117], [-32, 87, 70, -56, -19, -5]]",39.13,"[39.12999999999985, 0.0, 0.0, 0.0, 0.0, 0.0]",0.7642130343925159,"[0.7642130343925053, 0.0, 0.0, 0.0, 0.0, 0.0]",51.20299999999999,"[0.15, 0.13, 0.43, 0.29]",aA237K2hoPccOCz,-0.5923366522366522,75.0,1.029126213592233,1.0303030303030303,1.0297029702970297
0.0,0.0,0.0,0.0,1.0,0.0,3.2,0.0028677777777777773,0.07413999999999997,1.0,9.253,40.94000000000001,"[40.940000000000005, 0.0, 0.0, 0.0, 0.0, 0.0]",0.7995625256332636,"[0.7995625256332823, 0.0, 0.0, 0.0, 0.0, 0.0]","[[-85, 44, -96, -82, -36, 62], [-103, 20, 12, 8, 1, -43], [41, -70, 89, 62, 54, 43], [19, -133, -24, 127, 45, 36]]",31.687,"[31.686999999999454, 0.0, 0.0, 0.0, 0.0, 0.0]",0.6188504579809776,"[0.6188504579809756, 0.0, 0.0, 0.0, 0.0, 0.0]",51.20299999999999,"[0.14, 0.45, 0.05, 0.36]",l6dGWbHa5ETDOcj,-0.9583055555555556,75.0,1.029126213592233,1.0303030303030303,1.0297029702970297
0.003,0.0,0.0,0.9690000000000001,0.027999999999999997,0.0,3.2,9.424603174603174e-05,0.18515784438775512,1.0,6.041,79.15,"[79.15000000000005, 0.0, 79.15000000000002, 0.0, 0.0, 79.15]",1.5458078628205385,"[1.5458078628205383, 0.0, 1.5458078628205383, 0.0, 0.0, 1.5458078628205378]","[[59, -89, 21, -2, 37, 133], [-18, -27, 46, 2, -14, -42], [59, -48, -70, -34, 54, 132], [138, -20, 55, -19, -23, -19]]",73.109,"[71.90000000000003, 0.0, 73.1500000000005, 0.0, 0.0, 71.15]",1.427826494541336,"[1.4042145968009687, 0.0, 1.4286272288732906, 0.0, 0.0, 1.389567017557565]",51.20299999999999,"[0.13, 0.2, 0.22, 0.45]",8EHleEowa3Bcw0G,-0.998,75.0,1.029126213592233,1.0303030303030303,1.0297029702970297
0.0,0.0,0.0,0.0,1.0,0.0,0.3,0.003064767573696145,0.10486352040816324,1.0,7.78,23.27,"[23.270000000000355, 0.0, 0.0, 0.0, 0.0, 0.0]",0.3641513567650465,"[0.3641513567650397, 0.0, 0.0, 0.0, 0.0, 0.0]","[[-62, -42, -7, -47, -26, -14], [-13, -71, 120, -32, 98, -95], [-68, 29, -35, -55, -23, 22], [23, 4, 10, 112, 48, -82]]",15.490000000000006,"[15.490000000000316, 0.0, 0.0, 0.0, 0.0, 0.0]",0.2424024287189759,"[0.24240242871897627, 0.0, 0.0, 0.0, 0.0, 0.0]",63.90200000000002,"[0.59, 0.22, 0.02, 0.17]",EDYV3TvmyqJrQOZ,-0.94675,75.0,1.0097087378640777,1.0101010101010102,1.00990099009901
0.077,0.0,0.0,0.0,0.9229999999999999,0.0,3.2,0.008581117170046853,0.042934036963532866,1.0,10.134,56.45000000000002,"[56.44999999999924, 0.0, 0.0, 0.0, 0.0, 56.449999999999925]",1.102474464386852,"[1.1024744643868651, 0.0, 0.0, 0.0, 0.0, 1.1024744643868534]","[[7, -95, 8, -33, 43, -148], [36, -62, 14, 74, 0, 49], [-64, -38, 68, 51, -33, -99], [-18, -90, 7, 63, -23, -100]]",46.31600000000001,"[46.31348862405172, 0.0, 0.0, 0.0, 0.0, 46.34610389610384]",0.9045563736499812,"[0.904507326212384, 0.0, 0.0, 0.0, 0.0, 0.9051443059216048]",51.20299999999999,"[0.06, 0.31, 0.35, 0.28]",U6NalRd3JS7aHgM,-0.7072031746031746,75.0,1.029126213592233,1.0303030303030303,1.0297029702970297
0.0,0.0,0.693,0.0,0.307,0.0,0.3,0.07192777777777777,0.1875,4.0,2.2569999999999997,90.14272,"[119.58000000000094, 77.10196248196321, 0.0, 0.0, 0.0, 0.0]",1.4106400425651775,"[1.8713029326155592, 1.2065657175356312, 0.0, 0.0, 0.0, 0.0]","[[-87, -59, 53, -49, -157, -46], [-139, 11, 115, -40, -204, -116], [-51, -61, -54, 52, 84, -15], [-101, -17, 152, -16, 48, 138]]",81.11472000000002,"[107.71029315960996, 69.33284271284332, 0.0, 0.0, 0.0, 0.0]",1.26936120935182,"[1.6855543356954326, 1.0849870538143103, 0.0, 0.0, 0.0, 0.0]",63.90200000000002,"[0.09, 0.19, 0.08, 0.64]",WdVOkNPSiCkiKDf,-1.0,75.0,0.9514563106796116,0.9494949494949495,0.9504950495049505
0.0,0.0,0.825,0.175,0.0,0.0,3.2,0.040033333333333344,0.1875,4.0,3.532,79.15,"[0.0, 79.15000000000103, 79.14999999999976, 0.0, 0.0, 0.0]",1.5458078628205385,"[0.0, 1.5458078628205383, 1.5458078628205383, 0.0, 0.0, 0.0]","[[59, -89, 21, -2, 37, 133], [-18, -27, 46, 2, -14, -42], [59, -48, -70, -34, 54, 132], [138, -20, 55, -19, -23, -19]]",65.02199999999999,"[0.0, 67.11606060606155, 55.14999999999982, 0.0, 0.0, 0.0]",1.269886530086128,"[0.0, 1.3107837549764683, 1.077085327031623, 0.0, 0.0, 0.0]",51.20299999999999,"[0.13, 0.2, 0.22, 0.45]",8EHleEowa3Bcw0G,-1.0,75.0,1.0097087378640777,1.0101010101010102,1.00990099009901
0.0,0.0,0.61,0.0,0.39,0.0,0.3,0.0730638888888889,0.1875,4.0,2.2230000000000003,84.48029999999999,"[82.84474358974322, 85.52598360655674, 0.0, 0.0, 0.0, 0.0]",1.3220290444743514,"[1.2964342835864826, 1.3383929079928094, 0.0, 0.0, 0.0, 0.0]","[[-40, -36, -135, 25, -23, -26], [75, -26, -49, -47, -134, -139], [-4, -30, -59, 98, 129, -6], [72, -44, 39, 7, -30, 7]]",75.58829999999998,"[69.6652564102561, 79.3751639344256, 0.0, 0.0, 0.0, 0.0]",1.1828784701574286,"[1.0901889832909213, 1.242138961760603, 0.0, 0.0, 0.0, 0.0]",63.90200000000002,"[0.029999999999999992, 0.01, 0.77, 0.19]",Z6igLUgOZ1o22OJ,-1.0,75.0,0.9514563106796116,0.9494949494949495,0.9504950495049505
0.0,0.0,0.0,0.0,1.0,0.0,3.2,0.002544926583388122,0.03962606837606837,4.0,12.48,24.41000000000001,"[24.409999999999872, 0.0, 0.0, 0.0, 0.0, 0.0]",0.4767298791086461,"[0.4767298791086433, 0.0, 0.0, 0.0, 0.0, 0.0]","[[82, 45, 5, -120, -5, -22], [-3, -132, 45, 78, 5, 2], [-12, -14, 14, -43, 10, 89], [-114, 72, 25, 56, 74, 101]]",-25.509999999999994,"[-25.51000000000013, 0.0, 0.0, 0.0, 0.0, 0.0]",-0.4982129953323047,"[-0.4982129953323008, 0.0, 0.0, 0.0, 0.0, 0.0]",51.20299999999999,"[0.31, 0.33, 0.09, 0.27]",aIfvrznIQLqTBd0,-0.7562651515151515,75.0,1.0097087378640777,1.0101010101010102,1.00990099009901
0.001,0.0,0.0,0.0,0.9990000000000001,0.0,3.2,0.004740477247219671,0.06391605614223038,1.0,9.59,69.91999999999997,"[69.9199999999987, 0.0, 0.0, 0.0, 0.0, 69.91999999999999]",1.3655449875983832,"[1.3655449875983887, 0.0, 0.0, 0.0, 0.0, 1.3655449875983827]","[[-16, 29, 52, 15, -102, 114], [68, 33, 81, -31, 134, 13], [36, -22, 1, 47, 23, -38], [-171, -81, 65, 13, 28, -35]]",60.32999999999997,"[60.33041041040916, 0.0, 0.0, 0.0, 0.0, 59.91999999999999]",1.1782512743393936,"[1.1782592896980897, 0.0, 0.0, 0.0, 0.0, 1.1702439310196666]",51.20299999999999,"[0.05, 0.47, 0.28, 0.2]",KKfFP00BlY0FyTD,-0.49685,75.0,1.029126213592233,1.0303030303030303,1.0297029702970297
0.0,0.0,0.624,0.0,0.376,0.0,3.2,0.06901814814814816,0.18126277777777774,4.0,2.431,33.0635,"[41.360053191489364, 28.064294871794793, 0.0, 0.0, 0.0, 0.0]",0.645733648419038,"[0.8077662088449767, 0.5480986440598175, 0.0, 0.0, 0.0, 0.0]","[[1, 65, 8, 6, 47, 37], [23, -138, 57, 1, -97, -73], [-83, -200, 54, 89, 118, -117], [-32, 87, 70, -56, -19, -5]]",23.339500000000008,"[28.54090425531918, 20.205320512820474, 0.0, 0.0, 0.0, 0.0]",0.4558229010018944,"[0.5574068756775805, 0.3946120444665417, 0.0, 0.0, 0.0, 0.0]",51.20299999999999,"[0.15, 0.13, 0.43, 0.29]",aA237K2hoPccOCz,-0.981409295352324,75.0,1.0097087378640777,1.0101010101010102,1.00990099009901
0.0,0.0,0.841,0.0,0.159,0.0,0.3,0.06783611111111112,0.1875,4.0,2.35,76.61417999999998,"[106.75, 70.91668252080915, 0.0, 0.0, 0.0, 0.0]",1.1989324277800382,"[1.6705267440768738, 1.1097725035336752, 0.0, 0.0, 0.0, 0.0]","[[26, 3, -7, -50, 62, 37], [170, -11, -37, 11, -44, 59], [-158, -3, -108, -8, -23, -72], [5, 21, 96, 148, 8, -72]]",67.21418,"[92.88836477987421, 62.36020214030963, 0.0, 0.0, 0.0, 0.0]",1.051832180526431,"[1.4536065346917793, 0.9758724631515363, 0.0, 0.0, 0.0, 0.0]",63.90200000000002,"[0.03, 0.03, 0.2, 0.74]",Gq2ftjqDBmr2chN,-1.0,75.0,0.9514563106796116,0.9494949494949495,0.9504950495049505
0.013999999999999999,0.0,0.0,0.0,0.986,0.0,3.2,0.0012018593456530518,0.06239786752680105,1.0,11.074000000000002,27.74000000000001,"[27.740000000000528, 0.0, 0.0, 0.0, 0.0, 27.740000000000006]",0.5417651309493585,"[0.5417651309493704, 0.0, 0.0, 0.0, 0.0, 0.5417651309493585]","[[2, 30, -23, 26, 24, -26], [-77, 73, -11, 60, -57, 2], [-44, -40, -49, -44, 100, -98], [31, 24, -31, -144, -34, -8]]",16.666,"[16.681176470588053, 0.0, 0.0, 0.0, 0.0, 15.597142857142858]",0.3254887408940882,"[0.32578513896818884, 0.0, 0.0, 0.0, 0.0, 0.3046138479609174]",51.20299999999999,"[0.2, 0.3, 0.19, 0.31]",2O9UAcifjV8B4g6,-0.8489023088023089,75.0,1.029126213592233,1.0303030303030303,1.0297029702970297
0.0,0.0,0.0,0.0,1.0,0.0,3.2,0.0044039030349794245,0.00644555362654321,1.0,17.124000000000002,27.057020000000005,"[27.057019999999834, 0.0, 0.0, 0.0, 0.0, 0.0]",0.5284264593871453,"[0.5284264593871445, 0.0, 0.0, 0.0, 0.0, 0.0]","[[82, 45, 5, -120, -5, -22], [-3, -132, 45, 78, 5, 2], [-12, -14, 14, -43, 10, 89], [-114, 72, 25, 56, 74, 101]]",9.933020000000004,"[9.933019999999987, 0.0, 0.0, 0.0, 0.0, 0.0]",0.1939929301017519,"[0.19399293010174926, 0.0, 0.0, 0.0, 0.0, 0.0]",51.20299999999999,"[0.31, 0.33, 0.09, 0.27]",aIfvrznIQLqTBd0,-0.6648408424908425,75.0,1.029126213592233,1.0303030303030303,1.0297029702970297
0.0,0.0,0.0,0.0,1.0,0.0,0.3,0.005218183106575964,0.10695089285714283,4.0,7.175,37.939999999999976,"[37.93999999999983, 0.0, 0.0, 0.0, 0.0, 0.0]",0.5937216362555161,"[0.5937216362555099, 0.0, 0.0, 0.0, 0.0, 0.0]","[[-120, 22, -32, -105, -105, 26], [-6, -42, -123, 68, 59, -90], [87, -117, 56, -95, 34, -15], [-72, 54, 86, 15, -103, -66]]",9.239999999999982,"[9.239999999999894, 0.0, 0.0, 0.0, 0.0, 0.0]",0.14459641325780076,"[0.14459641325780137, 0.0, 0.0, 0.0, 0.0, 0.0]",63.90200000000002,"[0.010000000000000111, 0.58, 0.06, 0.35]",12Smwv1zSNyuuxE,-0.8246952380952379,75.0,0.9514563106796116,0.9494949494949495,0.9504950495049505
0.0,0.0,0.0,1.0,0.0,0.0,3.2,0.0,0.1875,4.0,6.0,13.849999999999996,"[0.0, 0.0, 13.850000000000236, 0.0, 0.0, 0.0]",0.2704919633615218,"[0.0, 0.0, 0.27049196336151443, 0.0, 0.0, 0.0]","[[11, -192, -3, -131, 0, 63], [99, -2, -149, 65, -106, 101], [12, -17, -175, -95, 44, -177], [15, -23, -34, 84, -149, 28]]",-10.150000000000004,"[0.0, 0.0, -10.149999999999809, 0.0, 0.0, 0.0]",-0.19823057242739686,"[0.0, 0.0, -0.19823057242739858, 0.0, 0.0, 0.0]",51.20299999999999,"[0.48, 0.25, 0.24, 0.03]",SaPACZPUDlvdmkP,-1.0,75.0,1.0097087378640777,1.0101010101010102,1.00990099009901
0.024,0.0,0.359,0.0,0.617,0.0,0.3,0.04645166666666668,0.1738904166666667,1.0,2.957,95.65488,"[102.18758508914213, 85.9314206128134, 0.0, 0.0, 0.0, 73.15666666666668]",1.4968996275546929,"[1.599129684346973, 1.3447375764892033, 0.0, 0.0, 0.0, 1.144825931374083]","[[-87, -59, 53, -49, -157, -46], [-139, 11, 115, -40, -204, -116], [-51, -61, -54, 52, 84, -15], [-101, -17, 152, -16, 48, 138]]",92.69788,"[99.04009724473369, 83.39103064066856, 0.0, 0.0, 0.0, 68.86500000000002]",1.4506256455197017,"[1.5498747651831326, 1.3049831091463178, 0.0, 0.0, 0.0, 1.0776658007574098]",63.90200000000002,"[0.09, 0.19, 0.08, 0.64]",WdVOkNPSiCkiKDf,-0.93629191321499,75.0,1.0097087378640777,1.0101010101010102,1.00990099009901
0.0,0.0,0.0,0.0,1.0,0.0,0.3,0.0031629109977324267,0.10952487244897957,1.0,7.515,37.939999999999976,"[37.93999999999983, 0.0, 0.0, 0.0, 0.0, 0.0]",0.5937216362555161,"[0.5937216362555099, 0.0, 0.0, 0.0, 0.0, 0.0]","[[-120, 22, -32, -105, -105, 26], [-6, -42, -123, 68, 59, -90], [87, -117, 56, -95, 34, -15], [-72, 54, 86, 15, -103, -66]]",30.425,"[30.424999999999482, 0.0, 0.0, 0.0, 0.0, 0.0]",0.4761196832649993,"[0.4761196832649909, 0.0, 0.0, 0.0, 0.0, 0.0]",63.90200000000002,"[0.010000000000000111, 0.58, 0.06, 0.35]",12Smwv1zSNyuuxE,-0.8234857142857143,75.0,1.0097087378640777,1.0101010101010102,1.00990099009901
0.004,0.0,0.0,0.0,0.996,0.0,0.3,0.003096296296296296,0.07629333333333332,1.0,9.004,35.75,"[35.75, 0.0, 0.0, 0.0, 0.0, 35.75]",0.5594504084379207,"[0.5594504084379093, 0.0, 0.0, 0.0, 0.0, 0.5594504084379206]","[[15, -30, 29, -47, -45, -53], [-99, -104, 26, 20, -32, -84], [159, -28, 100, -106, 63, 32], [61, -31, -171, -16, -79, -55]]",26.746,"[26.75, 0.0, 0.0, 0.0, 0.0, 25.75]",0.4185471503239335,"[0.4186097461738384, 0.0, 0.0, 0.0, 0.0, 0.4029607837000407]",63.90200000000002,"[0.37, 0.44, 0.17, 0.02]",IBOZgXFSkyvyiUf,-0.9511428571428572,75.0,1.0097087378640777,1.0101010101010102,1.00990099009901
0.0,0.0,0.327,0.0,0.6729999999999999,0.0,3.2,0.06759166666666669,0.1875,4.0,2.383,81.46368000000001,"[81.96231797919707, 80.43743119266057, 0.0, 0.0, 0.0, 0.0]",1.5909942776790422,"[1.600732730097798, 1.5709515300404284, 0.0, 0.0, 0.0, 0.0]","[[11, 99, 37, 96, -15, -10], [-102, 110, 161, -24, -71, 37], [-55, 8, 9, 21, 70, 82], [-34, -16, 17, 136, 62, 150]]",71.93168,"[69.74240713224332, 76.43743119266054, 0.0, 0.0, 0.0, 0.0]",1.4048333105482105,"[1.3620765801270167, 1.4928311074089564, 0.0, 0.0, 0.0, 0.0]",51.20299999999999,"[0.1, 0.54, 0.15, 0.21]",aYhiKG1buBq3xGu,-1.0,75.0,1.0097087378640777,1.0101010101010102,1.00990099009901
0.002,0.0,0.304,0.172,0.522,0.0,0.3,0.03765370370370371,0.18672222222222226,1.0,3.543,106.75,"[106.75, 106.75, 106.75, 0.0, 0.0, 106.75]",1.6705267440768676,"[1.6705267440768552, 1.6705267440768772, 1.6705267440768745, 0.0, 0.0, 1.6705267440768676]","[[26, 3, -7, -50, 62, 37], [170, -11, -37, 11, -44, 59], [-158, -3, -108, -8, -23, -72], [5, 21, 96, 148, 8, -72]]",103.20700000000001,"[102.99904214559388, 104.95065789473684, 100.75, 0.0, 0.0, 103.75]",1.6150824700322368,"[1.6118281453725012, 1.6423689069941043, 1.5766329692341399, 0.0, 0.0, 1.6235798566555038]",63.90200000000002,"[0.03, 0.03, 0.2, 0.74]",Gq2ftjqDBmr2chN,-0.9976717112922002,75.0,1.0097087378640777,1.0101010101010102,1.00990099009901
0.0,0.0,0.0,0.0,1.0,0.0,0.3,0.0034722222222222233,0.09375,1.0,8.0,15.759999999999994,"[15.76000000000019, 0.0, 0.0, 0.0, 0.0, 0.0]",0.24662764858689856,"[0.24662764858689598, 0.0, 0.0, 0.0, 0.0, 0.0]","[[-56, 69, -45, 13, -11, -81], [158, 111, -15, 70, 133, 4], [-22, 1, -38, -46, -67, -123], [-17, 31, -20, -11, -19, -48]]",7.7600000000000025,"[7.760000000000158, 0.0, 0.0, 0.0, 0.0, 0.0]",0.1214359487965948,"[0.12143594879659166, 0.0, 0.0, 0.0, 0.0, 0.0]",63.90200000000002,"[0.02000000000000001, 0.04, 0.64, 0.3]",klD1PHboiI6GI83,-0.9557142857142856,75.0,1.0097087378640777,1.0101010101010102,1.00990099009901
0.0,0.0,0.0,0.0,1.0,0.0,3.2,0.015707559523809526,0.08219351190476189,4.0,6.6339999999999995,56.45000000000002,"[56.44999999999908, 0.0, 0.0, 0.0, 0.0, 0.0]",1.102474464386852,"[1.102474464386867, 0.0, 0.0, 0.0, 0.0, 0.0]","[[7, -95, 8, -33, 43, -148], [36, -62, 14, 74, 0, 49], [-64, -38, 68, 51, -33, -99], [-18, -90, 7, 63, -23, -100]]",29.913999999999994,"[29.91400000000049, 0.0, 0.0, 0.0, 0.0, 0.0]",0.5842235806495715,"[0.5842235806495722, 0.0, 0.0, 0.0, 0.0, 0.0]",51.20299999999999,"[0.06, 0.31, 0.35, 0.28]",U6NalRd3JS7aHgM,-0.8135571428571429,75.0,1.0097087378640777,1.0101010101010102,1.00990099009901
0.017,0.0,0.0,0.0,0.983,0.0,0.3,0.0031747134038800713,0.10733881723985887,1.0,7.564,77.4,"[77.40000000000008, 0.0, 0.0, 0.0, 0.0, 77.4]",1.21122969547119,"[1.2112296954711954, 0.0, 0.0, 0.0, 0.0, 1.2112296954711899]","[[61, -42, -94, -52, -163, 53], [85, -65, -84, 88, 40, 87], [53, -6, 64, -32, 83, -117], [101, 67, 39, -108, -29, 8]]",69.83599999999998,"[69.85473041709126, 0.0, 0.0, 0.0, 0.0, 68.75294117647059]",1.0928609433194578,"[1.0931540549136232, 0.0, 0.0, 0.0, 0.0, 1.0759121964331413]",63.90200000000002,"[0.51, 0.17, 0.01, 0.31]",55wGWrG0AsulSFG,-0.8192142857142856,75.0,1.0097087378640777,1.0101010101010102,1.00990099009901
0.0,0.0,0.0,0.0,1.0,0.0,3.2,0.0042748699112335475,0.040715794306703385,4.0,11.512,39.090000000000025,"[39.08999999999955, 0.0, 0.0, 0.0, 0.0, 0.0]",0.7634318301662013,"[0.7634318301661911, 0.0, 0.0, 0.0, 0.0, 0.0]","[[27, -53, -32, -18, 75, 68], [29, 3, 15, 149, -146, 2], [9, 32, -68, 54, -108, -104], [98, 31, 97, 8, -114, -101]]",-6.9579999999999975,"[-6.957999999999905, 0.0, 0.0, 0.0, 0.0, 0.0]",-0.13589047516747058,"[-0.13589047516747038, 0.0, 0.0, 0.0, 0.0, 0.0]",51.20299999999999,"[0.29, 0.22, 0.26, 0.23]",tK9NSXZJXL2a1DM,-0.5232174603174603,75.0,1.0097087378640777,1.0101010101010102,1.00990099009901
0.0,0.0,0.207,0.177,0.616,0.0,3.2,0.041183333333333336,0.1875,4.0,3.503,-18.529999999999994,"[-18.530000000000125, -18.530000000000083, -18.53000000000006, 0.0, 0.0, 0.0]",-0.3618928578403609,"[-0.36189285784035985, -0.36189285784036007, -0.3618928578403601, 0.0, 0.0, 0.0]","[[-50, 10, -163, 57, 26, 95], [13, -25, 81, 4, -24, -10], [-85, 19, -88, 37, -86, 5], [-41, 47, 116, -1, -4, -34]]",-32.54199999999999,"[-32.8157142857143, -23.187004830917914, -42.52999999999993, 0.0, 0.0, 0.0]",-0.635548698318458,"[-0.6408943672385286, -0.45284465423740433, -0.830615393629276, 0.0, 0.0, 0.0]",51.20299999999999,"[0.23, 0.32, 0.29, 0.16]",HO2m16im97e1RLZ,-1.0,75.0,1.0097087378640777,1.0101010101010102,1.00990099009901
0.0,0.0,0.0,1.0,0.0,0.0,0.3,0.0,0.1875,4.0,6.0,15.759999999999994,"[0.0, 0.0, 15.76000000000019, 0.0, 0.0, 0.0]",0.24662764858689856,"[0.0, 0.0, 0.24662764858689598, 0.0, 0.0, 0.0]","[[-56, 69, -45, 13, -11, -81], [158, 111, -15, 70, 133, 4], [-22, 1, -38, -46, -67, -123], [-17, 31, -20, -11, -19, -48]]",-8.239999999999998,"[0.0, 0.0, -8.239999999999839, 0.0, 0.0, 0.0]",-0.12894745078401298,"[0.0, 0.0, -0.12894745078401185, 0.0, 0.0, 0.0]",63.90200000000002,"[0.02000000000000001, 0.04, 0.64, 0.3]",klD1PHboiI6GI83,-1.0,75.0,0.9514563106796116,0.9494949494949495,0.9504950495049505
0.006,0.0,0.0,0.99,0.004,0.0,0.3,1.7006802721088435e-05,0.18685487528344671,1.0,6.006,79.61999999999998,"[79.62, 0.0, 79.62000000000016, 0.0, 0.0, 79.62]",1.2459703921629992,"[1.2459703921629997, 0.0, 1.2459703921629934, 0.0, 0.0, 1.2459703921629997]","[[10, -11, 78, -20, 94, 69], [-36, -45, 82, -86, -100, 31], [-48, -38, -84, 6, 116, -74], [114, 25, -50, -68, 52, 53]]",73.61399999999999,"[72.87, 0.0, 73.62000000000056, 0.0, 0.0, 73.12]",1.151982723545429,"[1.1403398954649309, 0.0, 1.1520766173202848, 0.0, 0.0, 1.1442521360833777]",63.90200000000002,"[0.09, 0.1, 0.61, 0.2]",rVjVpCboG0KJwv1,-0.998,75.0,1.0097087378640777,1.0101010101010102,1.00990099009901
0.016,0.0,0.0,0.0,0.9840000000000001,0.0,3.2,0.0036630143682491343,0.0805038108033325,1.0,9.467,23.253820000000005,"[23.089491869918735, 0.0, 0.0, 0.0, 0.0, 33.36000000000001]",0.4541495615491281,"[0.45094021580607774, 0.0, 0.0, 0.0, 0.0, 0.6515243247465972]","[[11, -192, -3, -131, 0, 63], [99, -2, -149, 65, -106, 101], [12, -17, -175, -95, 44, -177], [15, -23, -34, 84, -149, 28]]",13.786820000000002,"[13.67587398374003, 0.0, 0.0, 0.0, 0.0, 20.61000000000001]",0.26925805128605745,"[0.26709126386617327, 0.0, 0.0, 0.0, 0.0, 0.4025154776087341]",51.20299999999999,"[0.48, 0.25, 0.24, 0.03]",SaPACZPUDlvdmkP,-0.8954067821067822,75.0,1.029126213592233,1.0303030303030303,1.0297029702970297
0.0,0.0,0.0,0.0,1.0,0.0,0.3,0.0034722222222222233,0.09375,4.0,8.0,35.75,"[35.75, 0.0, 0.0, 0.0, 0.0, 0.0]",0.5594504084379207,"[0.5594504084379093, 0.0, 0.0, 0.0, 0.0, 0.0]","[[15, -30, 29, -47, -45, -53], [-99, -104, 26, 20, -32, -84], [159, -28, 100, -106, 63, 32], [61, -31, -171, -16, -79, -55]]",3.75,"[3.75, 0.0, 0.0, 0.0, 0.0, 0.0]",0.05868360927670493,"[0.05868360927670568, 0.0, 0.0, 0.0, 0.0, 0.0]",63.90200000000002,"[0.37, 0.44, 0.17, 0.02]",IBOZgXFSkyvyiUf,-0.8079428571428571,75.0,0.9514563106796116,0.9494949494949495,0.9504950495049505
0.0,0.0,0.0,0.0,1.0,0.0,0.3,0.0028344671201814067,0.1262755102040816,4.0,7.0,23.27,"[23.270000000000355, 0.0, 0.0, 0.0, 0.0, 0.0]",0.3641513567650465,"[0.3641513567650397, 0.0, 0.0, 0.0, 0.0, 0.0]","[[-62, -42, -7, -47, -26, -14], [-13, -71, 120, -32, 98, -95], [-68, 29, -35, -55, -23, 22], [23, 4, 10, 112, 48, -82]]",-4.730000000000002,"[-4.729999999999955, 0.0, 0.0, 0.0, 0.0, 0.0]",-0.07401959250101718,"[-0.07401959250101699, 0.0, 0.0, 0.0, 0.0, 0.0]",63.90200000000002,"[0.59, 0.22, 0.02, 0.17]",EDYV3TvmyqJrQOZ,-0.9503333333333334,75.0,0.9514563106796116,0.9494949494949495,0.9504950495049505
0.0,0.0,0.0,1.0,0.0,0.0,0.3,0.0,0.1875,4.0,6.0,27.779999999999994,"[0.0, 0.0, 27.779999999999692, 0.0, 0.0, 0.0]",0.4347281775218302,"[0.0, 0.0, 0.4347281775218332, 0.0, 0.0, 0.0]","[[13, 44, -5, 28, -6, -76], [-40, 25, 9, -196, 123, -17], [-133, 45, -113, -55, 31, -16], [50, -67, -24, -11, -31, -43]]",3.7800000000000007,"[0.0, 0.0, 3.7800000000000793, 0.0, 0.0, 0.0]",0.05915307815091862,"[0.0, 0.0, 0.05915307815091917, 0.0, 0.0, 0.0]",63.90200000000002,"[0.38, 0.05, 0.02, 0.55]",nQ4KJRm5qzDmfGs,-1.0,75.0,0.9514563106796116,0.9494949494949495,0.9504950495049505
0.062,0.0,0.0,0.0,0.938,0.0,3.2,0.003362837848178757,0.07423672163554736,1.0,9.013,33.26,"[33.25999999999934, 0.0, 0.0, 0.0, 0.0, 33.26]",0.6495713141808098,"[0.6495713141808122, 0.0, 0.0, 0.0, 0.0, 0.6495713141808105]","[[-33, -36, -64, -39, -109, 24], [-9, 26, 36, 11, 43, 38], [61, -11, 147, 71, 140, 2], [13, -125, 64, -113, -76, 69]]",24.247,"[24.286652452025272, 0.0, 0.0, 0.0, 0.0, 23.647096774193543]",0.4735464718864129,"[0.474320888464061, 0.0, 0.0, 0.0, 0.0, 0.46183029850191487]",51.20299999999999,"[0.4, 0.14, 0.2, 0.26]",6lht0ZurQP2rMOw,-0.9383333333333332,75.0,1.029126213592233,1.0303030303030303,1.0297029702970297
0.048,0.0,0.0,0.0,0.9520000000000001,0.0,0.3,0.007801737358727799,0.0655283152639308,1.0,8.535,62.91999999999999,"[62.91999999999875, 0.0, 0.0, 0.0, 0.0, 62.920000000000044]",0.9846327188507404,"[0.984632718850752, 0.0, 0.0, 0.0, 0.0, 0.9846327188507402]","[[-101, -31, 34, -10, 30, -23], [-98, -42, -2, 84, 60, -107], [65, -46, -22, -61, -87, 97], [84, 85, 84, 93, 18, -17]]",54.384999999999984,"[54.40214285714168, 0.0, 0.0, 0.0, 0.0, 54.04500000000004]",0.85106882413696,"[0.8513370920650849, 0.0, 0.0, 0.0, 0.0, 0.845748176895872]",63.90200000000002,"[0.06, 0.26, 0.14, 0.54]",3uXiz4V3sUrSmY9,-0.3166523809523809,75.0,1.0097087378640777,1.0101010101010102,1.00990099009901
0.125,0.0,0.0,0.0,0.875,0.0,3.2,0.003717285385554617,0.028929009932375318,1.0,13.434000000000001,35.43,"[35.43000000000024, 0.0, 0.0, 0.0, 0.0, 35.42999999999996]",0.6919516434583913,"[0.6919516434583872, 0.0, 0.0, 0.0, 0.0, 0.6919516434583914]","[[-17, -40, -75, -19, -145, 57], [-60, -77, 11, -48, -57, 46], [65, 14, 45, 68, 43, -74], [-43, -100, 101, 144, 15, -52]]",21.996,"[22.076857142857357, 0.0, 0.0, 0.0, 0.0, 21.42999999999998]",0.4295842040505439,"[0.43116335259373534, 0.0, 0.0, 0.0, 0.0, 0.41853016424818884]",51.20299999999999,"[0.31, 0.14, 0.41, 0.14]",fNApTMMb9VDwixr,-0.22051825396825395,75.0,1.029126213592233,1.0303030303030303,1.0297029702970297
0.0,0.0,0.0,0.0,1.0,0.0,3.2,0.003153344671201815,0.11001275510204077,1.0,7.5,68.36,"[68.3600000000005, 0.0, 0.0, 0.0, 0.0, 0.0]",1.3350780227721029,"[1.335078022772082, 0.0, 0.0, 0.0, 0.0, 0.0]","[[11, 127, 163, 10, -12, 60], [-29, 43, 18, 65, 3, -22], [-22, -34, 11, -101, 22, 34], [-98, 115, -44, -8, 33, -7]]",60.86000000000001,"[60.86000000000048, 0.0, 0.0, 0.0, 0.0, 0.0]",1.1886022303380663,"[1.188602230338071, 0.0, 0.0, 0.0, 0.0, 0.0]",51.20299999999999,"[0.08000000000000002, 0.33, 0.16, 0.43]",X1an3is3yUOfCuZ,-0.9512380952380952,75.0,1.029126213592233,1.0303030303030303,1.0297029702970297
0.0,0.0,0.205,0.0,0.795,0.0,0.3,0.04285759763164526,0.1383614739229025,4.0,4.515,49.48000000000001,"[49.48000000000022, 49.47999999999975, 0.0, 0.0, 0.0, 0.0]",0.7743106632030297,"[0.774310663203027, 0.7743106632030299, 0.0, 0.0, 0.0, 0.0]","[[-64, -14, -37, -37, -139, 10], [-30, 23, 34, -38, 29, 130], [50, -10, -34, 126, -54, 94], [-47, -75, -77, -33, 38, -38]]",31.420000000000005,"[27.935345911949337, 44.933658536585135, 0.0, 0.0, 0.0, 0.0]",0.4916904009264185,"[0.43715917986838576, 0.7031651362490287, 0.0, 0.0, 0.0, 0.0]",63.90200000000002,"[0.06, 0.48, 0.03, 0.43]",Q8ZMcp5SHNKniCj,-0.7579991899554476,75.0,0.9514563106796116,0.9494949494949495,0.9504950495049505
0.0,0.0,0.0,1.0,0.0,0.0,0.3,0.0,0.1875,1.0,6.0,68.86,"[0.0, 0.0, 68.8600000000005, 0.0, 0.0, 0.0]",1.0775875559450407,"[0.0, 0.0, 1.0775875559450232, 0.0, 0.0, 0.0]","[[-69, 74, -146, 18, -66, -39], [-59, 123, 55, -117, -17, -38], [32, 53, 83, 32, -9, -48], [-24, -104, 109, 21, 25, 52]]",62.86000000000002,"[0.0, 0.0, 62.86000000000049, 0.0, 0.0, 0.0]",0.9836937811023128,"[0.0, 0.0, 0.98369378110229, 0.0, 0.0, 0.0]",63.90200000000002,"[0.06, 0.07, 0.81, 0.06]",si1lNmExwYp0qHd,-1.0,75.0,1.0097087378640777,1.0101010101010102,1.00990099009901
0.125,0.0,0.0,0.0,0.875,0.0,0.3,0.002446634016937048,0.06303878051346802,1.0,9.965,49.48000000000001,"[49.48000000000049, 0.0, 0.0, 0.0, 0.0, 49.47999999999986]",0.7743106632030297,"[0.7743106632030229, 0.0, 0.0, 0.0, 0.0, 0.7743106632030285]","[[-64, -14, -37, -37, -139, 10], [-30, 23, 34, -38, 29, 130], [50, -10, -34, 126, -54, 94], [-47, -75, -77, -33, 38, -38]]",39.515,"[39.54285714285695, 0.0, 0.0, 0.0, 0.0, 39.31999999999994]",0.6183687521517323,"[0.6188046875349246, 0.0, 0.0, 0.0, 0.0, 0.6153172044693437]",63.90200000000002,"[0.06, 0.48, 0.03, 0.43]",Q8ZMcp5SHNKniCj,-0.9311158730158732,75.0,1.0097087378640777,1.0101010101010102,1.00990099009901
0.0,0.0,0.0,1.0,0.0,0.0,0.3,0.0,0.1875,4.0,6.0,72.14,"[0.0, 0.0, 72.1399999999995, 0.0, 0.0, 0.0]",1.1289161528590657,"[0.0, 0.0, 1.1289161528590936, 0.0, 0.0, 0.0]","[[-131, 85, 56, -12, -48, 108], [77, -51, -7, -137, 64, 40], [-42, 53, -43, -68, 81, 65], [67, -79, -44, 141, 59, -110]]",48.13999999999999,"[0.0, 0.0, 48.13999999999954, 0.0, 0.0, 0.0]",0.7533410534881534,"[0.0, 0.0, 0.7533410534881566, 0.0, 0.0, 0.0]",63.90200000000002,"[0.06000000000000001, 0.04, 0.88, 0.02]",PCWdMJAPeV3vIAW,-1.0,75.0,0.9514563106796116,0.9494949494949495,0.9504950495049505
0.0,0.0,0.0,0.0,1.0,0.0,3.2,0.0020576131687242804,0.008487654320987652,1.0,18.0,24.96,"[24.959999999999425, 0.0, 0.0, 0.0, 0.0, 0.0]",0.4874714372204753,"[0.4874714372204641, 0.0, 0.0, 0.0, 0.0, 0.0]","[[-50, 10, -163, 57, 26, 95], [13, -25, 81, 4, -24, -10], [-85, 19, -88, 37, -86, 5], [-41, 47, 116, -1, -4, -34]]",6.960000000000003,"[6.960000000000033, 0.0, 0.0, 0.0, 0.0, 0.0]",0.1359295353787864,"[0.1359295353787887, 0.0, 0.0, 0.0, 0.0, 0.0]",51.20299999999999,"[0.23, 0.32, 0.29, 0.16]",HO2m16im97e1RLZ,-0.9095428571428572,75.0,1.029126213592233,1.0303030303030303,1.0297029702970297
0.0,0.0,0.0,0.0,1.0,0.0,0.3,0.0030868055555555553,0.07640624999999998,1.0,8.999,70.93917000000002,"[70.93917000000083, 0.0, 0.0, 0.0, 0.0, 0.0]",1.1101244092516669,"[1.1101244092516904, 0.0, 0.0, 0.0, 0.0, 0.0]","[[15, 90, 55, -167, -78, -16], [-46, -81, 39, 134, 26, -7], [46, -19, 69, -177, 14, -104], [-32, -73, -15, 28, 203, 27]]",61.940170000000016,"[61.940170000000776, 0.0, 0.0, 0.0, 0.0, 0.0]",0.9692993959500488,"[0.9692993959500298, 0.0, 0.0, 0.0, 0.0, 0.0]",63.90200000000002,"[0.06, 0.01, 0.6, 0.33]",q8OiXnEuGsljtb2,-0.9574642857142858,75.0,1.0097087378640777,1.0101010101010102,1.00990099009901
0.0,0.0,0.0,0.0,1.0,0.0,0.3,0.0034722222222222233,0.09375,1.0,8.0,45.88999999999999,"[45.889999999999546, 0.0, 0.0, 0.0, 0.0, 0.0]",0.7181308879221306,"[0.7181308879221407, 0.0, 0.0, 0.0, 0.0, 0.0]","[[140, 81, 49, 185, 81, -77], [52, 14, -168, 7, -3, 51], [-119, 61, -183, 64, -31, 6], [49, -53, -44, -94, 23, -90]]",37.88999999999999,"[37.88999999999958, 0.0, 0.0, 0.0, 0.0, 0.0]",0.592939188131827,"[0.5929391881318231, 0.0, 0.0, 0.0, 0.0, 0.0]",63.90200000000002,"[0.04, 0.29, 0.65, 0.02]",lIbaNiqegro6KIA,-0.8511904761904762,75.0,1.0097087378640777,1.0101010101010102,1.00990099009901
0.051,0.0,0.0,0.0,0.9490000000000001,0.0,3.2,0.0050332255474099565,0.0163026725240762,1.0,14.649000000000001,41.30415000000001,"[41.18936775553188, 0.0, 0.0, 0.0, 0.0, 43.44000000000003]",0.8066744136085778,"[0.8044327042464603, 0.0, 0.0, 0.0, 0.0, 0.848387789777943]","[[27, -53, -32, -18, 75, 68], [29, 3, 15, 149, -146, 2], [9, 32, -68, 54, -108, -104], [98, 31, 97, 8, -114, -101]]",26.65515000000001,"[26.559230769230645, 0.0, 0.0, 0.0, 0.0, 28.440000000000033]",0.5205778958264166,"[0.5187045831148789, 0.0, 0.0, 0.0, 0.0, 0.5554362049098681]",51.20299999999999,"[0.29, 0.22, 0.26, 0.23]",tK9NSXZJXL2a1DM,-0.5489703740703741,75.0,1.029126213592233,1.0303030303030303,1.0297029702970297
0.0,0.0,0.767,0.0,0.233,0.0,3.2,0.09195833333333334,0.1875,4.0,1.744,90.50586,"[104.39948497854094, 86.28524119947828, 0.0, 0.0, 0.0, 0.0]",1.7675890084565358,"[2.03893297225829, 1.685159877340758, 0.0, 0.0, 0.0, 0.0]","[[87, 10, 22, -15, 44, 161], [93, 107, -71, -46, 3, 182], [-167, 82, -41, 30, -43, -5], [127, 73, -100, -78, 2, -23]]",83.52986,"[94.0303862660945, 80.3399999999998, 0.0, 0.0, 0.0, 0.0]",1.6313469913872236,"[1.836423378827305, 1.5690486885534096, 0.0, 0.0, 0.0, 0.0]",51.20299999999999,"[0.19, 0.51, 0.1, 0.2]",B9PWF5Bu1hHzIBA,-1.0,75.0,1.0097087378640777,1.0101010101010102,1.00990099009901
0.0,0.0,0.324,0.0,0.6759999999999999,0.0,3.2,0.06955028344671202,0.16195528273809526,4.0,2.853,61.87112,"[61.81687869822426, 61.98429012345684, 0.0, 0.0, 0.0, 0.0]",1.208349510770853,"[1.2072901724161467, 1.2105597352392707, 0.0, 0.0, 0.0, 0.0]","[[-16, 29, 52, 15, -102, 114], [68, 33, 81, -31, 134, 13], [36, -22, 1, 47, 23, -38], [-171, -81, 65, 13, 28, -35]]",50.45912,"[46.85238165680458, 57.98429012345686, 0.0, 0.0, 0.0, 0.0]",0.9854719450032224,"[0.9150319640803196, 1.1324393126077945, 0.0, 0.0, 0.0, 0.0]",51.20299999999999,"[0.05, 0.47, 0.28, 0.2]",KKfFP00BlY0FyTD,-0.8865102845872077,75.0,1.0097087378640777,1.0101010101010102,1.00990099009901
0.0,0.0,0.505,0.157,0.33799999999999997,0.0,3.2,0.04118055555555556,0.1875,4.0,3.4819999999999998,68.36,"[68.36000000000033, 68.36000000000041, 68.36000000000003, 0.0, 0.0, 0.0]",1.3350780227721029,"[1.3350780227721077, 1.3350780227721082, 1.3350780227721069, 0.0, 0.0, 0.0]","[[11, 127, 163, 10, -12, 60], [-29, 43, 18, 65, 3, -22], [-22, -34, 11, -101, 22, 34], [-98, 115, -44, -8, 33, -7]]",54.43200000000001,"[52.19431952662747, 59.06099009901028, 44.359999999999886, 0.0, 0.0, 0.0]",1.0630627111692674,"[1.0193605750957406, 1.1534673768921684, 0.866355486983183, 0.0, 0.0, 0.0]",51.20299999999999,"[0.08000000000000002, 0.33, 0.16, 0.43]",X1an3is3yUOfCuZ,-1.0,75.0,1.0097087378640777,1.0101010101010102,1.00990099009901
0.0,0.0,0.0,0.0,1.0,0.0,3.2,0.004616781722550954,0.03471474358974359,1.0,12.007,18.920000000000012,"[18.91999999999982, 0.0, 0.0, 0.0, 0.0, 0.0]",0.36950959904693104,"[0.36950959904692526, 0.0, 0.0, 0.0, 0.0, 0.0]","[[-96, -56, -98, 47, -66, 28], [14, -71, 27, 42, 25, -47], [-2, 87, 17, -40, 66, -69], [112, -22, -4, -108, -63, 30]]",6.913000000000002,"[6.913000000000059, 0.0, 0.0, 0.0, 0.0, 0.0]",0.13501162041286646,"[0.1350116204128629, 0.0, 0.0, 0.0, 0.0, 0.0]",51.20299999999999,"[0.3, 0.22, 0.08, 0.4]",iubSyA0EPXwngsD,-0.8534222222222223,75.0,1.029126213592233,1.0303030303030303,1.0297029702970297
0.0,0.0,0.0,0.0,1.0,0.0,0.3,0.003159084467120182,0.10972002551020406,4.0,7.5089999999999995,40.13999999999999,"[40.139999999999574, 0.0, 0.0, 0.0, 0.0, 0.0]",0.62814935369785,"[0.628149353697839, 0.0, 0.0, 0.0, 0.0, 0.0]","[[15, 90, 55, -167, -78, -16], [-46, -81, 39, 134, 26, -7], [46, -19, 69, -177, 14, -104], [-32, -73, -15, 28, 203, 27]]",10.103999999999989,"[10.104000000000006, 0.0, 0.0, 0.0, 0.0, 0.0]",0.15811711683515373,"[0.15811711683515514, 0.0, 0.0, 0.0, 0.0, 0.0]",63.90200000000002,"[0.06, 0.01, 0.6, 0.33]",q8OiXnEuGsljtb2,-0.9483809523809524,75.0,0.9514563106796116,0.9494949494949495,0.9504950495049505
0.0,0.0,0.0,1.0,0.0,0.0,3.2,0.0,0.1875,4.0,6.0,33.26,"[0.0, 0.0, 33.25999999999933, 0.0, 0.0, 0.0]",0.6495713141808098,"[0.0, 0.0, 0.6495713141808098, 0.0, 0.0, 0.0]","[[-33, -36, -64, -39, -109, 24], [-9, 26, 36, 11, 43, 38], [61, -11, 147, 71, 140, 2], [13, -125, 64, -113, -76, 69]]",9.260000000000003,"[0.0, 0.0, 9.260000000000167, 0.0, 0.0, 0.0]",0.1808487783918912,"[0.0, 0.0, 0.18084877839189067, 0.0, 0.0, 0.0]",51.20299999999999,"[0.4, 0.14, 0.2, 0.26]",6lht0ZurQP2rMOw,-1.0,75.0,1.0097087378640777,1.0101010101010102,1.00990099009901
0.0,0.0,0.0,0.0,1.0,0.0,3.2,0.003055478395061729,0.08264652777777776,4.0,8.764,40.94000000000001,"[40.940000000000005, 0.0, 0.0, 0.0, 0.0, 0.0]",0.7995625256332636,"[0.7995625256332823, 0.0, 0.0, 0.0, 0.0, 0.0]","[[-85, 44, -96, -82, -36, 62], [-103, 20, 12, 8, 1, -43], [41, -70, 89, 62, 54, 43], [19, -133, -24, 127, 45, 36]]",5.883999999999999,"[5.883999999999912, 0.0, 0.0, 0.0, 0.0, 0.0]",0.11491514169091653,"[0.11491514169091654, 0.0, 0.0, 0.0, 0.0, 0.0]",51.20299999999999,"[0.14, 0.45, 0.05, 0.36]",l6dGWbHa5ETDOcj,-0.9564682539682541,75.0,1.0097087378640777,1.0101010101010102,1.00990099009901
0.003,0.0,0.163,0.0,0.8340000000000001,0.0,3.2,0.04225628023431596,0.1506393416950113,1.0,3.9930000000000003,95.55999999999996,"[95.55999999999885, 95.55999999999985, 0.0, 0.0, 0.0, 95.56]",1.8662968966662103,"[1.8662968966662004, 1.8662968966662048, 0.0, 0.0, 0.0, 1.866296896666211]","[[11, 99, 37, 96, -15, -10], [-102, 110, 161, -24, -71, 37], [-55, 8, 9, 21, 70, 82], [-34, -16, 17, 136, 62, 150]]",91.56699999999996,"[90.99045563549053, 94.5538650306747, 0.0, 0.0, 0.0, 89.56]",1.78831318477433,"[1.7770532124190344, 1.846646974409216, 0.0, 0.0, 0.0, 1.7491162627189816]",51.20299999999999,"[0.1, 0.54, 0.15, 0.21]",aYhiKG1buBq3xGu,-0.8482498011137628,75.0,1.029126213592233,1.0303030303030303,1.0297029702970297
0.48200000000000004,0.0,0.0,0.0,0.518,0.0,3.2,0.003518403734312826,0.04655274334251607,4.0,11.242,28.540260000000004,"[35.430000000000206, 0.0, 0.0, 0.0, 0.0, 21.135933609958485]",0.5573942933031267,"[0.6919516434583863, 0.0, 0.0, 0.0, 0.0, 0.4127870165802502]","[[-17, -40, -75, -19, -145, 57], [-60, -77, 11, -48, -57, 46], [65, 14, 45, 68, 43, -74], [-43, -100, 101, 144, 15, -52]]",-16.427739999999996,"[-8.57772200772205, 0.0, 0.0, 0.0, 0.0, -24.86406639004154]",-0.32083549792004384,"[-0.16752381711466155, 0.0, 0.0, 0.0, 0.0, -0.4855978436818401]",51.20299999999999,"[0.31, 0.14, 0.41, 0.14]",fNApTMMb9VDwixr,-0.2341857142857143,75.0,1.0097087378640777,1.0101010101010102,1.00990099009901
0.0,0.0,0.34700000000000003,0.171,0.48200000000000004,0.0,3.2,0.040394444444444455,0.1875,4.0,3.505,4.6099999999999985,"[4.609999999999969, 4.609999999999971, 4.610000000000011, 0.0, 0.0, 0.0]",0.09003378708278811,"[0.0900337870827883, 0.0900337870827883, 0.09003378708278828, 0.0, 0.0, 0.0]","[[-51, -5, -21, 22, 85, -162], [116, -83, -48, -153, -19, -15], [-145, 63, 35, 42, -11, 57], [65, 89, -67, -6, 64, -24]]",-9.41,"[-10.867178423236558, -2.4678097982708818, -19.38999999999998, 0.0, 0.0, 0.0]",-0.18377829424057185,"[-0.2122371428087507, -0.04819658610376147, -0.37868874870613156, 0.0, 0.0, 0.0]",51.20299999999999,"[0.15, 0.31, 0.28, 0.26]",KUyNdHbCfa4jtIt,-1.0,75.0,1.0097087378640777,1.0101010101010102,1.00990099009901
0.0,0.0,0.6809999999999999,0.0,0.319,0.0,3.2,0.04236917139077855,0.16025176020408166,4.0,3.9530000000000003,67.80999999999997,"[67.81000000000019, 67.80999999999973, 0.0, 0.0, 0.0, 0.0]",1.3243364646602738,"[1.3243364646602782, 1.324336464660285, 0.0, 0.0, 0.0, 0.0]","[[-9, -78, -36, -68, -82, 62], [135, -24, -85, -12, 1, -37], [-114, 88, -33, 158, -29, -49], [34, 60, -124, 8, -30, 180]]",51.99799999999997,"[40.80059561128519, 57.24318649045532, 0.0, 0.0, 0.0, 0.0]",1.015526433998008,"[0.7968399431924905, 1.1179654803518397, 0.0, 0.0, 0.0, 0.0]",51.20299999999999,"[0.3, 0.28, 0.07, 0.35]",uosTR7R5rWOZ2TL,-0.9126311541565778,75.0,1.0097087378640777,1.0101010101010102,1.00990099009901
0.034,0.0,0.0,0.0,0.966,0.0,0.3,0.0032416299486271193,0.10304533561535496,1.0,7.854,54.01,"[54.01000000000031, 0.0, 0.0, 0.0, 0.0, 54.01]",0.8452004632092894,"[0.845200463209275, 0.0, 0.0, 0.0, 0.0, 0.8452004632092888]","[[-53, 18, 23, -85, 45, -33], [-49, 130, -42, -100, 156, -80], [-29, 8, -51, -42, 21, 17], [4, 19, 36, -77, -8, 23]]",46.156000000000006,"[46.22842650103522, 0.0, 0.0, 0.0, 0.0, 44.09823529411764]",0.7222935119401582,"[0.7234269115369706, 0.0, 0.0, 0.0, 0.0, 0.69009162927792]",63.90200000000002,"[0.5, 0.19, 0.15, 0.16]",mlhb2P64mtEuQDH,-0.9458015873015873,75.0,1.0097087378640777,1.0101010101010102,1.00990099009901
0.078,0.0,0.0,0.0,0.17800000000000002,0.7440000000000001,3.2,0.0035562001651624838,0.011504667180093978,1.0,17.879,19.234250000000007,"[20.153539325842743, 0.0, 0.0, 20.420000000000066, 0.0, 5.826153846153856]",0.37564693474991695,"[0.393600752413779, 0.0, 0.0, 0.3988047575337348, 0.0, 0.11378540019439978]","[[-51, -5, -21, 22, 85, -162], [116, -83, -48, -153, -19, -15], [-145, 63, 35, 42, -11, 57], [65, 89, -67, -6, 64, -24]]",1.3552500000000014,"[3.4063483146067455, 0.0, 0.0, 1.2479569892472995, 0.0, -2.3020512820512784]",0.026468175692830536,"[0.0665263424917824, 0.0, 0.0, 0.02437273185647929, 0.0, -0.04495930476830036]",51.20299999999999,"[0.15, 0.31, 0.28, 0.26]",KUyNdHbCfa4jtIt,-0.5549154401154403,75.0,1.029126213592233,1.0303030303030303,1.0297029702970297
0.0,0.0,0.235,0.0,0.765,0.0,0.3,0.044472106953892684,0.1588234835600907,4.0,3.56,46.09767,"[46.22597385620918, 45.68000000000015, 0.0, 0.0, 0.0, 0.0]",0.7213807079590622,"[0.7233885301901194, 0.7148446058026341, 0.0, 0.0, 0.0, 0.0]","[[-69, 20, -39, -17, -12, -39], [-84, 32, 105, 26, 11, 10], [55, 72, -55, -6, -46, 98], [-48, 65, 13, 95, 7, -61]]",31.857670000000002,"[29.305712418300715, 40.16510638297885, 0.0, 0.0, 0.0, 0.0]",0.4985394823323213,"[0.4586039939016104, 0.6285422425429366, 0.0, 0.0, 0.0, 0.0]",63.90200000000002,"[0.02, 0.47, 0.14, 0.37]",02RpShoPR0hc5AX,-0.8407936507936508,75.0,0.9514563106796116,0.9494949494949495,0.9504950495049505
0.013000000000000001,0.0,0.0,0.0,0.987,0.0,3.2,0.0024585259353441177,0.04611049816345271,1.0,11.892000000000001,36.44,"[36.439999999999685, 0.0, 0.0, 0.0, 0.0, 36.44]",0.7116770501728417,"[0.71167705017285, 0.0, 0.0, 0.0, 0.0, 0.7116770501728417]","[[-22, -114, 79, 5, 92, -114], [-33, 60, -77, -61, 40, 174], [-71, 31, -34, -6, -5, 13], [-49, 92, 93, 56, 67, -111]]",24.547999999999995,"[24.536251266463722, 0.0, 0.0, 0.0, 0.0, 25.439999999999998]",0.4794250336894322,"[0.47919557968212945, 0.0, 0.0, 0.0, 0.0, 0.4968458879362538]",51.20299999999999,"[0.25, 0.11, 0.47, 0.17]",f2xpn3YCjwjoU5x,-0.8996686868686871,75.0,1.029126213592233,1.0303030303030303,1.0297029702970297
0.0,0.0,0.0,0.0,1.0,0.0,0.3,0.003458191609977325,0.0944421237244898,1.0,7.978,27.779999999999994,"[27.779999999999692, 0.0, 0.0, 0.0, 0.0, 0.0]",0.4347281775218302,"[0.4347281775218332, 0.0, 0.0, 0.0, 0.0, 0.0]","[[13, 44, -5, 28, -6, -76], [-40, 25, 9, -196, 123, -17], [-133, 45, -113, -55, 31, -16], [50, -67, -24, -11, -31, -43]]",19.801999999999992,"[19.802000000000035, 0.0, 0.0, 0.0, 0.0, 0.0]",0.30988075490594985,"[0.30988075490594186, 0.0, 0.0, 0.0, 0.0, 0.0]",63.90200000000002,"[0.38, 0.05, 0.02, 0.55]",nQ4KJRm5qzDmfGs,-0.9512380952380952,75.0,1.0097087378640777,1.0101010101010102,1.00990099009901
0.0,0.0,0.419,0.0,0.581,0.0,0.3,0.05743648148148148,0.1317886111111111,4.0,3.2489999999999997,70.22888,"[55.93447504302929, 90.04999999999994, 0.0, 0.0, 0.0, 0.0]",1.0990091076961601,"[0.8753165009393874, 1.4091890707646089, 0.0, 0.0, 0.0, 0.0]","[[-78, 47, -34, 184, -97, -79], [-99, 36, -76, 99, -22, 31], [-87, 88, 57, 26, 142, 59], [88, -44, 138, 16, 128, 71]]",57.23288,"[39.17716006884683, 82.26957040572759, 0.0, 0.0, 0.0, 0.0]",0.8956351913868109,"[0.613081907746968, 1.287433420013896, 0.0, 0.0, 0.0, 0.0]",63.90200000000002,"[0.19, 0.01, 0.45, 0.35]",YwmSZ9XOPRdJfbN,-0.7980081300813008,75.0,0.9514563106796116,0.9494949494949495,0.9504950495049505
0.16899999999999998,0.0,0.0,0.0,0.831,0.0,0.3,0.01540749311121245,0.06449768103759718,1.0,7.0489999999999995,84.54647999999997,"[84.54973525872573, 0.0, 0.0, 0.0, 0.0, 84.53047337278082]",1.3230646928108667,"[1.3231156342324766, 0.0, 0.0, 0.0, 0.0, 1.3228142057021837]","[[-78, 47, -34, 184, -97, -79], [-99, 36, -76, 99, -22, 31], [-87, 88, 57, 26, 142, 59], [88, -44, 138, 16, 128, 71]]",77.49747999999998,"[77.71219013237187, 0.0, 0.0, 0.0, 0.0, 76.44171597633115]",1.2127551563331351,"[1.2161151471373386, 0.0, 0.0, 0.0, 0.0, 1.1962335447455692]",63.90200000000002,"[0.19, 0.01, 0.45, 0.35]",YwmSZ9XOPRdJfbN,-0.4143897866120089,75.0,1.0097087378640777,1.0101010101010102,1.00990099009901
0.161,0.0,0.0,0.0,0.8390000000000001,0.0,3.2,0.008556959879146026,0.06950790888294403,1.0,7.657,67.80999999999997,"[67.80999999999935, 0.0, 0.0, 0.0, 0.0, 67.81]",1.3243364646602738,"[1.3243364646602862, 0.0, 0.0, 0.0, 0.0, 1.3243364646602709]","[[-9, -78, -36, -68, -82, 62], [135, -24, -85, -12, 1, -37], [-114, 88, -33, 158, -29, -49], [34, 60, -124, 8, -30, 180]]",60.15299999999997,"[60.22358760429037, 0.0, 0.0, 0.0, 0.0, 59.78515527950317]",1.1747944456379509,"[1.1761730290078876, 0.0, 0.0, 0.0, 0.0, 1.167610399380957]",51.20299999999999,"[0.3, 0.28, 0.07, 0.35]",uosTR7R5rWOZ2TL,-0.6459296482412059,75.0,1.029126213592233,1.0303030303030303,1.0297029702970297
0.0,0.0,0.35100000000000003,0.0,0.649,0.0,3.2,0.06297777777777779,0.1875,4.0,2.438,51.74005000000001,"[52.427904468412706, 50.46820512820517, 0.0, 0.0, 0.0, 0.0]",1.01048864324356,"[1.0239225136889056, 0.9856493785169796, 0.0, 0.0, 0.0, 0.0]","[[40, -1, 19, 112, 19, 75], [47, -114, -98, -38, 13, 86], [-90, -72, -11, -87, 87, 65], [-102, 34, -87, 15, -12, 57]]",41.98805,"[40.014961479198654, 45.636296296296436, 0.0, 0.0, 0.0, 0.0]",0.8200310528679959,"[0.7814964255844127, 0.8912816885006029, 0.0, 0.0, 0.0, 0.0]",51.20299999999999,"[0.45, 0.2, 0.18, 0.17]",B7AmiGrF0VHtZKs,-1.0,75.0,1.0097087378640777,1.0101010101010102,1.00990099009901
0.0,0.0,0.0,1.0,0.0,0.0,0.3,0.0,0.1875,1.0,6.0,72.14,"[0.0, 0.0, 72.1399999999995, 0.0, 0.0, 0.0]",1.1289161528590657,"[0.0, 0.0, 1.1289161528590936, 0.0, 0.0, 0.0]","[[-131, 85, 56, -12, -48, 108], [77, -51, -7, -137, 64, 40], [-42, 53, -43, -68, 81, 65], [67, -79, -44, 141, 59, -110]]",66.14,"[0.0, 0.0, 66.13999999999952, 0.0, 0.0, 0.0]",1.0350223780163381,"[0.0, 0.0, 1.0350223780163545, 0.0, 0.0, 0.0]",63.90200000000002,"[0.06000000000000001, 0.04, 0.88, 0.02]",PCWdMJAPeV3vIAW,-1.0,75.0,1.0097087378640777,1.0101010101010102,1.00990099009901
0.0,0.0,0.835,0.165,0.0,0.0,3.2,0.03896944444444445,0.1875,4.0,3.528,18.920000000000012,"[0.0, 18.920000000000066, 18.92000000000004, 0.0, 0.0, 0.0]",0.36950959904693104,"[0.0, 0.36950959904692604, 0.36950959904692987, 0.0, 0.0, 0.0]","[[-96, -56, -98, 47, -66, 28], [14, -71, 27, 42, 25, -47], [-2, 87, 17, -40, 66, -69], [112, -22, -4, -108, -63, 30]]",4.808000000000002,"[0.0, 6.761916167664729, -5.080000000000009, 0.0, 0.0, 0.0]",0.09390074800304674,"[0.0, 0.1320609372041607, -0.0992129367419881, 0.0, 0.0, 0.0]",51.20299999999999,"[0.3, 0.22, 0.08, 0.4]",iubSyA0EPXwngsD,-1.0,75.0,1.0097087378640777,1.0101010101010102,1.00990099009901
0.0,0.0,0.0,1.0,0.0,0.0,0.3,0.0,0.1875,4.0,6.0,54.01,"[0.0, 0.0, 54.010000000000375, 0.0, 0.0, 0.0]",0.8452004632092894,"[0.0, 0.0, 0.8452004632092748, 0.0, 0.0, 0.0]","[[-53, 18, 23, -85, 45, -33], [-49, 130, -42, -100, 156, -80], [-29, 8, -51, -42, 21, 17], [4, 19, 36, -77, -8, 23]]",30.009999999999994,"[0.0, 0.0, 30.009999999999373, 0.0, 0.0, 0.0]",0.4696253638383776,"[0.0, 0.0, 0.4696253638383728, 0.0, 0.0, 0.0]",63.90200000000002,"[0.5, 0.19, 0.15, 0.16]",mlhb2P64mtEuQDH,-1.0,75.0,0.9514563106796116,0.9494949494949495,0.9504950495049505
0.0,0.0,0.0,0.0,1.0,0.0,0.3,0.023844230442176872,0.08370219742063492,4.0,5.684,87.33350000000004,"[87.33350000000098, 0.0, 0.0, 0.0, 0.0, 0.0]",1.3666786642045632,"[1.3666786642045545, 0.0, 0.0, 0.0, 0.0, 0.0]","[[-90, 14, -114, -41, 210, 42], [-91, 101, 22, 57, 105, 86], [94, -30, 150, -10, -154, 52], [-78, -66, 54, 90, -24, 34]]",64.59750000000001,"[64.59750000000065, 0.0, 0.0, 0.0, 0.0, 0.0]",1.0108838534005196,"[1.0108838534005105, 0.0, 0.0, 0.0, 0.0, 0.0]",63.90200000000002,"[0.01999999999999999, 0.01, 0.47, 0.5]",VHZfp8VcgwqWdru,-0.6894333333333333,75.0,0.9514563106796116,0.9494949494949495,0.9504950495049505
0.055999999999999994,0.0,0.0,0.0,0.9440000000000001,0.0,3.2,0.008555110958065503,0.042905192837465564,1.0,10.365,72.34000000000003,"[72.33999999999826, 0.0, 0.0, 0.0, 0.0, 72.34000000000006]",1.412807843290433,"[1.4128078432904492, 0.0, 0.0, 0.0, 0.0, 1.4128078432904327]","[[40, -1, 19, 112, 19, 75], [47, -114, -98, -38, 13, 86], [-90, -72, -11, -87, 87, 65], [-102, 34, -87, 15, -12, 57]]",61.97500000000003,"[62.01902542372735, 0.0, 0.0, 0.0, 0.0, 61.232857142857185]",1.2103782981465931,"[1.2112381193236637, 0.0, 0.0, 0.0, 0.0, 1.1958841697333586]",51.20299999999999,"[0.45, 0.2, 0.18, 0.17]",B7AmiGrF0VHtZKs,-0.7004714285714285,75.0,1.029126213592233,1.0303030303030303,1.0297029702970297
0.0,0.0,0.0,0.0,1.0,0.0,3.2,0.0029381607457797942,0.1050541723356009,4.0,7.861000000000001,22.03744,"[22.037440000000004, 0.0, 0.0, 0.0, 0.0, 0.0]",0.43039353162900623,"[0.43039353162900673, 0.0, 0.0, 0.0, 0.0, 0.0]","[[-22, -114, 79, 5, 92, -114], [-33, 60, -77, -61, 40, 174], [-71, 31, -34, -6, -5, 13], [-49, 92, 93, 56, 67, -111]]",-9.40656,"[-9.406560000000002, 0.0, 0.0, 0.0, 0.0, 0.0]",-0.1837111106771088,"[-0.1837111106771105, 0.0, 0.0, 0.0, 0.0, 0.0]",51.20299999999999,"[0.25, 0.11, 0.47, 0.17]",f2xpn3YCjwjoU5x,-0.9500714285714283,75.0,1.0097087378640777,1.0101010101010102,1.00990099009901
0.0,0.0,0.152,0.0,0.848,0.0,3.2,0.04809293587805493,0.1349665060468632,1.0,4.268,103.1542,"[100.43759433962269, 118.30999999999997, 0.0, 0.0, 0.0, 0.0]",2.01461242505322,"[1.9615568294752943, 2.310606800382796, 0.0, 0.0, 0.0, 0.0]","[[87, 10, 22, -15, 44, 161], [93, 107, -71, -46, 3, 182], [-167, 82, -41, 30, -43, -5], [127, 73, -100, -78, 2, -23]]",98.8862,"[95.58382075471705, 117.30999999999995, 0.0, 0.0, 0.0, 0.0]",1.9312579341054237,"[1.8667621185226764, 2.2910766947249135, 0.0, 0.0, 0.0, 0.0]",51.20299999999999,"[0.19, 0.51, 0.1, 0.2]",B9PWF5Bu1hHzIBA,-0.8537398921832885,75.0,1.029126213592233,1.0303030303030303,1.0297029702970297
0.0,0.0,0.0,0.0,1.0,0.0,0.3,0.0034722222222222233,0.09375,4.0,8.0,45.88999999999999,"[45.889999999999546, 0.0, 0.0, 0.0, 0.0, 0.0]",0.7181308879221306,"[0.7181308879221407, 0.0, 0.0, 0.0, 0.0, 0.0]","[[140, 81, 49, 185, 81, -77], [52, 14, -168, 7, -3, 51], [-119, 61, -183, 64, -31, 6], [49, -53, -44, -94, 23, -90]]",13.889999999999995,"[13.889999999999846, 0.0, 0.0, 0.0, 0.0, 0.0]",0.2173640887609151,"[0.2173640887609166, 0.0, 0.0, 0.0, 0.0, 0.0]",63.90200000000002,"[0.04, 0.29, 0.65, 0.02]",lIbaNiqegro6KIA,-0.8406190476190475,75.0,0.9514563106796116,0.9494949494949495,0.9504950495049505
0.001,0.0,0.0,0.0,0.9990000000000001,0.0,0.3,0.006882373621155674,0.031554393582438466,1.0,11.967,49.48442000000002,"[49.48433433433409, 0.0, 0.0, 0.0, 0.0, 49.57]",0.7743798316171637,"[0.7743784910383753, 0.0, 0.0, 0.0, 0.0, 0.7757190698256705]","[[-69, 20, -39, -17, -12, -39], [-84, 32, 105, 26, 11, 10], [55, 72, -55, -6, -46, 98], [-48, 65, 13, 95, 7, -61]]",37.51742000000001,"[37.51836836836814, 0.0, 0.0, 0.0, 0.0, 36.57]",0.5871086976933431,"[0.5871235386743457, 0.0, 0.0, 0.0, 0.0, 0.5722825576664267]",63.90200000000002,"[0.02, 0.47, 0.14, 0.37]",02RpShoPR0hc5AX,-0.8555758297258299,75.0,1.0097087378640777,1.0101010101010102,1.00990099009901
0.0,0.0,0.0,0.0,1.0,0.0,3.2,0.009899853867472915,0.09890629535147392,4.0,7.065,27.74000000000001,"[27.740000000000542, 0.0, 0.0, 0.0, 0.0, 0.0]",0.5417651309493585,"[0.5417651309493698, 0.0, 0.0, 0.0, 0.0, 0.0]","[[2, 30, -23, 26, 24, -26], [-77, 73, -11, 60, -57, 2], [-44, -40, -49, -44, 100, -98], [31, 24, -31, -144, -34, -8]]",-0.5200000000000019,"[-0.5199999999999958, 0.0, 0.0, 0.0, 0.0, 0.0]",-0.010155654942093277,"[-0.010155654942093268, 0.0, 0.0, 0.0, 0.0, 0.0]",51.20299999999999,"[0.2, 0.3, 0.19, 0.31]",2O9UAcifjV8B4g6,-0.774045238095238,75.0,1.0097087378640777,1.0101010101010102,1.00990099009901
0.0,0.0,0.841,0.159,0.0,0.0,0.3,0.043375,0.1875,4.0,3.4019999999999997,79.61999999999998,"[0.0, 79.62000000000101, 79.62000000000023, 0.0, 0.0, 0.0]",1.2459703921629992,"[0.0, 1.245970392163007, 1.2459703921630019, 0.0, 0.0, 0.0]","[[10, -11, 78, -20, 94, 69], [-36, -45, 82, -86, -100, 31], [-48, -38, -84, 6, 116, -74], [114, 25, -50, -68, 52, 53]]",66.012,"[0.0, 67.97671819262875, 55.619999999999976, 0.0, 0.0, 0.0]",1.0330193108196928,"[0.0, 1.0637651120876987, 0.8703952927920864, 0.0, 0.0, 0.0]",63.90200000000002,"[0.09, 0.1, 0.61, 0.2]",rVjVpCboG0KJwv1,-1.0,75.0,0.9514563106796116,0.9494949494949495,0.9504950495049505
