Other,Rand,SAT_TTB,TTB,TTB_SAT,WADD,alpha,click_var_gamble,click_var_outcome,cost,nr_clicks,payoff_gross,payoff_gross_by_strategy,payoff_gross_relative,payoff_gross_relative_by_strategy,payoff_matrix,payoff_net,payoff_net_by_strategy,payoff_net_relative,payoff_net_relative_by_strategy,payoff_perfect,probabilities,problem_id,processing_pattern,sigma,trial_weight_con,trial_weight_exp,trial_weight,trial_weight_con_exclude,trial_weight_exp_exclude,trial_weight_exclude,strategy,km_strategy,km_WADD,km_SAT_TTB,km_TTB_SAT,km_TTB,cluster_centers,cluster_points
0.0,0.0,0.0,1.0,0.0,0.0,0.3,0.0,0.1875,1.0,6.0,91.59999999999998,"[0.0, 0.0, 91.60000000000092, 0.0, 0.0, 0.0]",1.4334449625989796,"[0.0, 0.0, 1.4334449625989703, 0.0, 0.0, 0.0]","[[-40, -36, -135, 25, -23, -26], [75, -26, -49, -47, -134, -139], [-4, -30, -59, 98, 129, -6], [72, -44, 39, 7, -30, 7]]",85.59999999999998,"[0.0, 0.0, 85.60000000000058, 0.0, 0.0, 0.0]",1.3395511877562511,"[0.0, 0.0, 1.3395511877562603, 0.0, 0.0, 0.0]",63.90200000000002,"[0.029999999999999992, 0.01, 0.77, 0.19]",Z6igLUgOZ1o22OJ,-1.0,75.0,1.0097087378640777,1.0101010101010102,1.00990099009901,1.2266666666666666,1.2777777777777777,1.2517006802721091,"['TTB', 'TTB', 'TTB', 'TTB', 'TTB', 'TTB', 'TTB', 'TTB', 'TTB', 'TTB']","['TTB', 'TTB', 'TTB', 'TTB', 'TTB', 'TTB', 'TTB', 'TTB', 'TTB', 'TTB']",0.0,0.0,0.0,1.0,"[[1.0, 1.0, 1.0, 1.0, 1.0, 0.9194, 1.0, 1.0, 0.9883, 0.701, 0.3333, 0.1149, 1.0, 0.954, 0.4023, 0.023, 0.0, 0.0, 0.6094, 0.54, 0.1149, 0.0, 0.0, 0.0], [1.0, 0.828, 0.5723, 0.2372, 0.0, -0.0, 0.2186, 0.07904, 0.00465, -0.0, -0.0, -0.0, 0.0093, 0.0093, -0.0, 0.00465, 0.0, 0.0, -0.0, 0.0, 0.0, 0.0, 0.0, 0.0], [1.0, 1.0, 1.0, 1.0, 0.9253, 0.7866, 1.0, 1.0, 0.3894, 0.1686, 0.03745, 0.003746, 0.1461, 0.0749, -0.0, 0.0, 0.0, 0.0, -0.0, 0.0, 0.0, 0.0, 0.0, 0.0], [1.0, 1.0, 1.0, 1.0, 1.0, 0.74, 0.251, -0.0, 0.0, -0.0, -0.0, -0.0, -0.0, 0.0, -0.0, 0.0, 0.0, 0.0, -0.0, 0.0, 0.0, 0.0, 0.0, 0.0]]","[0.10876, 0.2688, 0.3337, 0.2888]"
0.021,0.0,0.0,0.0,0.979,0.0,0.3,0.0182091195830184,0.0765989377834467,1.0,6.4510000000000005,95.44000000000004,"[95.4400000000013, 0.0, 0.0, 0.0, 0.0, 95.44000000000003]",1.4935369784983257,"[1.493536978498306, 0.0, 0.0, 0.0, 0.0, 1.493536978498326]","[[-90, 14, -114, -41, 210, 42], [-91, 101, 22, 57, 105, 86], [94, -30, 150, -10, -154, 52], [-78, -66, 54, 90, -24, 34]]",88.98900000000003,"[88.96502553626271, 0.0, 0.0, 0.0, 0.0, 90.1066666666667]",1.3925855215799192,"[1.392210346096536, 0.0, 0.0, 0.0, 0.0, 1.4100758453047897]",63.90200000000002,"[0.01999999999999999, 0.01, 0.47, 0.5]",VHZfp8VcgwqWdru,-0.6583809523809523,75.0,1.0097087378640777,1.0101010101010102,1.00990099009901,1.2266666666666666,1.2777777777777777,1.2517006802721091,"['TTB_SAT', 'TTB_SAT', 'TTB_SAT', 'TTB_SAT', 'TTB_SAT', 'TTB_SAT', 'TTB_SAT', 'TTB_SAT', 'TTB_SAT', 'TTB_SAT']","['TTB_SAT', 'TTB_SAT', 'TTB_SAT', 'TTB_SAT', 'SAT_TTB', 'SAT_TTB', 'SAT_TTB', 'TTB_SAT', 'SAT_TTB', 'TTB_SAT']",0.0,0.4,0.6,0.0,,
0.0,0.0,0.04,0.0,0.96,0.0,0.3,0.03630940665154952,0.08997611678004534,4.0,4.574,55.81399999999999,"[55.517916666666196, 62.92000000000004, 0.0, 0.0, 0.0, 0.0]",0.8734311915120028,"[0.8687977945395581, 0.9846327188507402, 0.0, 0.0, 0.0, 0.0]","[[-101, -31, 34, -10, 30, -23], [-98, -42, -2, 84, 60, -107], [65, -46, -22, -61, -87, 97], [84, 85, 84, 93, 18, -17]]",37.518,"[36.79291666666601, 54.92000000000003, 0.0, 0.0, 0.0, 0.0]",0.5871177740915777,"[0.5757709722178759, 0.8594410190604368, 0.0, 0.0, 0.0, 0.0]",63.90200000000002,"[0.06, 0.26, 0.14, 0.54]",3uXiz4V3sUrSmY9,-0.6537333333333334,75.0,0.9514563106796116,0.9494949494949496,0.9504950495049505,0.8799999999999999,1.0277777777777777,0.9523809523809524,"['TTB_SAT', 'SAT_TTB', 'TTB_SAT', 'TTB_SAT', 'TTB_SAT', 'TTB_SAT', 'TTB_SAT', 'TTB_SAT', 'TTB_SAT', 'TTB_SAT']","['SAT_TTB', 'SAT_TTB', 'SAT_TTB', 'SAT_TTB', 'SAT_TTB', 'SAT_TTB', 'SAT_TTB', 'SAT_TTB', 'TTB_SAT', 'SAT_TTB']",0.0,0.9,0.1,0.0,,
0.0,0.0,0.172,0.16399999999999998,0.664,0.0,0.3,0.017219444444444447,0.1875,4.0,3.989,68.86,"[68.86000000000045, 68.86000000000011, 68.86000000000008, 0.0, 0.0, 0.0]",1.0775875559450407,"[1.0775875559450343, 1.0775875559450392, 1.0775875559450396, 0.0, 0.0, 0.0]","[[-69, 74, -146, 18, -66, -39], [-59, 123, 55, -117, -17, -38], [32, 53, 83, 32, -9, -48], [-24, -104, 109, 21, 25, 52]]",52.90400000000002,"[53.95036144578355, 56.534418604651165, 44.859999999999914, 0.0, 0.0, 0.0]",0.82789271071328,"[0.844267181712356, 0.8847049952216084, 0.7020124565741274, 0.0, 0.0, 0.0]",63.90200000000002,"[0.06, 0.07, 0.81, 0.06]",si1lNmExwYp0qHd,-1.0,75.0,0.9514563106796116,0.9494949494949496,0.9504950495049505,0.8799999999999999,1.0277777777777777,0.9523809523809524,"['TTB_SAT', 'TTB', 'TTB_SAT', 'TTB', 'TTB_SAT', 'TTB', 'TTB_SAT', 'TTB_SAT', 'TTB', 'TTB_SAT']","['SAT_TTB', 'TTB', 'SAT_TTB', 'TTB', 'SAT_TTB', 'TTB', 'SAT_TTB', 'SAT_TTB', 'TTB', 'TTB']",0.0,0.5,0.0,0.5,,
0.0,0.0,0.0,0.0,1.0,0.0,0.3,0.015491130007558581,0.098523891723356,4.0,6.157,77.4,"[77.39999999999998, 0.0, 0.0, 0.0, 0.0, 0.0]",1.2112296954711899,"[1.2112296954711967, 0.0, 0.0, 0.0, 0.0, 0.0]","[[61, -42, -94, -52, -163, 53], [85, -65, -84, 88, 40, 87], [53, -6, 64, -32, 83, -117], [101, 67, 39, -108, -29, 8]]",52.771999999999984,"[52.77200000000092, 0.0, 0.0, 0.0, 0.0, 0.0]",0.8258270476667398,"[0.8258270476667512, 0.0, 0.0, 0.0, 0.0, 0.0]",63.90200000000002,"[0.51, 0.17, 0.01, 0.31]",55wGWrG0AsulSFG,-0.7842476190476191,75.0,0.9514563106796116,0.9494949494949496,0.9504950495049505,0.8799999999999999,1.0277777777777777,0.9523809523809524,"['TTB_SAT', 'TTB_SAT', 'TTB_SAT', 'TTB_SAT', 'TTB_SAT', 'TTB_SAT', 'TTB_SAT', 'TTB_SAT', 'TTB_SAT', 'TTB_SAT']","['TTB', 'TTB', 'TTB', 'TTB_SAT', 'TTB', 'SAT_TTB', 'TTB_SAT', 'TTB_SAT', 'TTB', 'TTB_SAT']",0.0,0.1,0.4,0.5,,
0.0,0.0,0.0,0.0,1.0,0.0,3.2,0.015023705881660422,0.012671722435489915,1.0,12.181,52.13,"[52.129999999999235, 0.0, 0.0, 0.0, 0.0, 0.0]",1.0181044079448471,"[1.0181044079448593, 0.0, 0.0, 0.0, 0.0, 0.0]","[[1, 65, 8, 6, 47, 37], [23, -138, 57, 1, -97, -73], [-83, -200, 54, 89, 118, -117], [-32, 87, 70, -56, -19, -5]]",39.94899999999999,"[39.948999999999806, 0.0, 0.0, 0.0, 0.0, 0.0]",0.780208190926313,"[0.7802081909263175, 0.0, 0.0, 0.0, 0.0, 0.0]",51.20299999999999,"[0.15, 0.13, 0.43, 0.29]",aA237K2hoPccOCz,-0.4642952380952381,75.0,1.029126213592233,1.0303030303030305,1.0297029702970295,1.0666666666666669,1.0277777777777777,1.0476190476190477,"['TTB_SAT', 'TTB_SAT', 'TTB_SAT', 'TTB_SAT', 'TTB_SAT', 'TTB_SAT', 'TTB_SAT', 'TTB_SAT', 'TTB_SAT', 'TTB_SAT']","['WADD', 'WADD', 'WADD', 'WADD', 'WADD', 'WADD', 'WADD', 'WADD', 'WADD', 'WADD']",1.0,0.0,0.0,0.0,,
0.0,0.0,0.0,0.0,1.0,0.0,3.2,0.003060601851851852,0.08296708333333333,1.0,8.747,40.94000000000001,"[40.940000000000005, 0.0, 0.0, 0.0, 0.0, 0.0]",0.7995625256332636,"[0.7995625256332823, 0.0, 0.0, 0.0, 0.0, 0.0]","[[-85, 44, -96, -82, -36, 62], [-103, 20, 12, 8, 1, -43], [41, -70, 89, 62, 54, 43], [19, -133, -24, 127, 45, 36]]",32.193000000000005,"[32.192999999999444, 0.0, 0.0, 0.0, 0.0, 0.0]",0.6287326914438607,"[0.628732691443853, 0.0, 0.0, 0.0, 0.0, 0.0]",51.20299999999999,"[0.14, 0.45, 0.05, 0.36]",l6dGWbHa5ETDOcj,-0.9557063492063492,75.0,1.029126213592233,1.0303030303030305,1.0297029702970295,1.0666666666666669,1.0277777777777777,1.0476190476190477,"['TTB_SAT', 'TTB_SAT', 'TTB_SAT', 'TTB_SAT', 'TTB_SAT', 'TTB_SAT', 'TTB_SAT', 'TTB_SAT', 'TTB_SAT', 'TTB_SAT']","['TTB_SAT', 'TTB_SAT', 'TTB_SAT', 'TTB_SAT', 'TTB_SAT', 'TTB_SAT', 'TTB_SAT', 'TTB_SAT', 'TTB_SAT', 'TTB_SAT']",0.0,0.0,1.0,0.0,,
0.0,0.0,0.038,0.821,0.141,0.0,3.2,0.0009944444444444443,0.1875,1.0,5.8210000000000015,79.15,"[79.14999999999979, 79.15000000000005, 79.15000000000101, 0.0, 0.0, 0.0]",1.5458078628205385,"[1.5458078628205383, 1.5458078628205383, 1.5458078628205383, 0.0, 0.0, 0.0]","[[59, -89, 21, -2, 37, 133], [-18, -27, 46, 2, -14, -42], [59, -48, -70, -34, 54, 132], [138, -20, 55, -19, -23, -19]]",73.329,"[74.1499999999998, 74.15000000000005, 73.15000000000099, 0.0, 0.0, 0.0]",1.432123117786068,"[1.4481573345311767, 1.448157334531181, 1.428627228873305, 0.0, 0.0, 0.0]",51.20299999999999,"[0.13, 0.2, 0.22, 0.45]",8EHleEowa3Bcw0G,-1.0,75.0,1.029126213592233,1.0303030303030305,1.0297029702970295,1.0666666666666669,1.0277777777777777,1.0476190476190477,"['TTB', 'TTB', 'TTB', 'TTB', 'TTB', 'TTB', 'TTB', 'TTB', 'TTB_SAT', 'TTB']","['TTB', 'TTB', 'TTB', 'TTB', 'TTB', 'TTB', 'TTB', 'TTB', 'TTB', 'TTB']",0.0,0.0,0.0,1.0,,
0.0,0.0,0.0,0.0,1.0,0.0,0.3,0.0041160927456382005,0.08198466683884298,1.0,8.611,23.27,"[23.270000000000355, 0.0, 0.0, 0.0, 0.0, 0.0]",0.3641513567650465,"[0.3641513567650397, 0.0, 0.0, 0.0, 0.0, 0.0]","[[-62, -42, -7, -47, -26, -14], [-13, -71, 120, -32, 98, -95], [-68, 29, -35, -55, -23, 22], [23, 4, 10, 112, 48, -82]]",14.659000000000004,"[14.65900000000031, 0.0, 0.0, 0.0, 0.0, 0.0]",0.2293981409032581,"[0.2293981409032572, 0.0, 0.0, 0.0, 0.0, 0.0]",63.90200000000002,"[0.59, 0.22, 0.02, 0.17]",EDYV3TvmyqJrQOZ,-0.9226666666666666,75.0,1.0097087378640777,1.0101010101010102,1.00990099009901,1.2266666666666666,1.2777777777777777,1.2517006802721091,"['TTB_SAT', 'TTB_SAT', 'TTB_SAT', 'TTB_SAT', 'TTB_SAT', 'TTB_SAT', 'TTB_SAT', 'TTB_SAT', 'TTB_SAT', 'TTB_SAT']","['TTB_SAT', 'TTB_SAT', 'TTB_SAT', 'TTB_SAT', 'TTB_SAT', 'TTB_SAT', 'TTB_SAT', 'TTB_SAT', 'WADD', 'TTB_SAT']",0.1,0.0,0.9,0.0,,
0.002,0.0,0.0,0.0,0.998,0.0,3.2,0.01640223251028806,0.04338773533950617,1.0,8.632,56.45000000000002,"[56.44999999999908, 0.0, 0.0, 0.0, 0.0, 56.45]",1.102474464386852,"[1.102474464386867, 0.0, 0.0, 0.0, 0.0, 1.1024744643868525]","[[7, -95, 8, -33, 43, -148], [36, -62, 14, 74, 0, 49], [-64, -38, 68, 51, -33, -99], [-18, -90, 7, 63, -23, -100]]",47.81800000000001,"[47.81673346693331, 0.0, 0.0, 0.0, 0.0, 48.45]",0.9338905923481048,"[0.9338658568234992, 0.0, 0.0, 0.0, 0.0, 0.9462336191238796]",51.20299999999999,"[0.06, 0.31, 0.35, 0.28]",U6NalRd3JS7aHgM,-0.6967960317460318,75.0,1.029126213592233,1.0303030303030305,1.0297029702970295,1.0666666666666669,1.0277777777777777,1.0476190476190477,"['TTB_SAT', 'TTB_SAT', 'TTB_SAT', 'TTB_SAT', 'TTB_SAT', 'TTB_SAT', 'TTB_SAT', 'TTB_SAT', 'TTB_SAT', 'TTB_SAT']","['TTB_SAT', 'TTB_SAT', 'TTB_SAT', 'TTB_SAT', 'TTB_SAT', 'TTB_SAT', 'TTB_SAT', 'TTB_SAT', 'TTB_SAT', 'TTB_SAT']",0.0,0.0,1.0,0.0,,
0.0,0.0,0.6579999999999999,0.0,0.342,0.0,0.3,0.06691944444444446,0.1875,4.0,2.382,91.55008000000002,"[119.58000000000102, 76.98133738601886, 0.0, 0.0, 0.0, 0.0]",1.4326637663922883,"[1.8713029326155581, 1.2046780599358025, 0.0, 0.0, 0.0, 0.0]","[[-87, -59, 53, -49, -157, -46], [-139, 11, 115, -40, -204, -116], [-51, -61, -54, 52, 84, -15], [-101, -17, 152, -16, 48, 138]]",82.02208000000002,"[107.54491228070269, 68.75641337386064, 0.0, 0.0, 0.0, 0.0]",1.2835604519420365,"[1.682966296527525, 1.0759665327197845, 0.0, 0.0, 0.0, 0.0]",63.90200000000002,"[0.09, 0.19, 0.08, 0.64]",WdVOkNPSiCkiKDf,-1.0,75.0,0.9514563106796116,0.9494949494949496,0.9504950495049505,0.8799999999999999,1.0277777777777777,0.9523809523809524,"['TTB_SAT', 'SAT_TTB', 'TTB_SAT', 'SAT_TTB', 'SAT_TTB', 'SAT_TTB', 'TTB_SAT', 'TTB_SAT', 'SAT_TTB', 'TTB_SAT']","['SAT_TTB', 'TTB', 'SAT_TTB', 'SAT_TTB', 'SAT_TTB', 'TTB', 'SAT_TTB', 'SAT_TTB', 'SAT_TTB', 'SAT_TTB']",0.0,0.8,0.0,0.2,,
0.0,0.0,0.7659999999999999,0.0,0.234,0.0,3.2,0.045361111111111116,0.1875,4.0,3.0210000000000004,62.65704999999999,"[21.28000000000003, 75.29703655352564, 0.0, 0.0, 0.0, 0.0]",1.2236988067105443,"[0.4156006483995078, 1.4705590796149606, 0.0, 0.0, 0.0, 0.0]","[[59, -89, 21, -2, 37, 133], [-18, -27, 46, 2, -14, -42], [59, -48, -70, -34, 54, 132], [138, -20, 55, -19, -23, -19]]",50.57304999999999,"[4.732991452991432, 64.5764099216718, 0.0, 0.0, 0.0, 0.0]",0.9876970099408238,"[0.0924358231547264, 1.2611841087762563, 0.0, 0.0, 0.0, 0.0]",51.20299999999999,"[0.13, 0.2, 0.22, 0.45]",8EHleEowa3Bcw0G,-1.0,75.0,1.0097087378640777,1.0101010101010102,1.00990099009901,0.8266666666666667,0.6666666666666666,0.7482993197278911,"['TTB_SAT', 'SAT_TTB', 'SAT_TTB', 'SAT_TTB', 'SAT_TTB', 'SAT_TTB', 'SAT_TTB', 'SAT_TTB', 'SAT_TTB', 'TTB_SAT']","['SAT_TTB', 'SAT_TTB', 'SAT_TTB', 'SAT_TTB', 'SAT_TTB', 'SAT_TTB', 'SAT_TTB', 'SAT_TTB', 'SAT_TTB', 'SAT_TTB']",0.0,1.0,0.0,0.0,,
0.0,0.0,0.598,0.0,0.402,0.0,0.3,0.06978333333333334,0.1875,4.0,2.305,84.23328999999998,"[82.31092039800957, 85.52558528428031, 0.0, 0.0, 0.0, 0.0]",1.3181635942537009,"[1.288080504491405, 1.3383866746624538, 0.0, 0.0, 0.0, 0.0]","[[-40, -36, -135, 25, -23, -26], [75, -26, -49, -47, -134, -139], [-4, -30, -59, 98, 129, -6], [72, -44, 39, 7, -30, 7]]",75.01328999999998,"[68.8780845771141, 79.1376254180596, 0.0, 0.0, 0.0, 0.0]",1.1738801602453754,"[1.0778705608136592, 1.2384217304319107, 0.0, 0.0, 0.0, 0.0]",63.90200000000002,"[0.029999999999999992, 0.01, 0.77, 0.19]",Z6igLUgOZ1o22OJ,-1.0,75.0,0.9514563106796116,0.9494949494949496,0.9504950495049505,0.8799999999999999,1.0277777777777777,0.9523809523809524,"['SAT_TTB', 'SAT_TTB', 'SAT_TTB', 'TTB_SAT', 'SAT_TTB', 'TTB_SAT', 'SAT_TTB', 'SAT_TTB', 'TTB_SAT', 'SAT_TTB']","['SAT_TTB', 'SAT_TTB', 'SAT_TTB', 'SAT_TTB', 'SAT_TTB', 'SAT_TTB', 'SAT_TTB', 'SAT_TTB', 'SAT_TTB', 'SAT_TTB']",0.0,1.0,0.0,0.0,,
0.0,0.0,0.066,0.0,0.934,0.0,3.2,0.008796141975308643,0.12577170138888888,4.0,6.516,15.96534,"[17.108351177730235, -0.20999999999999552, 0.0, 0.0, 0.0, 0.0]",0.3118047770638441,"[0.3341279061330462, -0.004101322188152954, 0.0, 0.0, 0.0, 0.0]","[[82, 45, 5, -120, -5, -22], [-3, -132, 45, 78, 5, 2], [-12, -14, 14, -43, 10, 89], [-114, 72, 25, 56, 74, 101]]",-10.09866,"[-9.86381156316922, -13.422121212121223, 0.0, 0.0, 0.0, 0.0]",-0.1972278968029217,"[-0.19264128201802838, -0.2621354454254868, 0.0, 0.0, 0.0, 0.0]",51.20299999999999,"[0.31, 0.33, 0.09, 0.27]",aIfvrznIQLqTBd0,-0.8697952380952381,75.0,1.0097087378640777,1.0101010101010102,1.00990099009901,0.8266666666666667,0.6666666666666666,0.7482993197278911,"['TTB_SAT', 'TTB_SAT', 'SAT_TTB', 'SAT_TTB', 'TTB_SAT', 'TTB_SAT', 'TTB_SAT', 'TTB_SAT', 'TTB_SAT', 'TTB_SAT']","['TTB_SAT', 'TTB_SAT', 'SAT_TTB', 'SAT_TTB', 'TTB_SAT', 'TTB_SAT', 'TTB_SAT', 'TTB_SAT', 'TTB_SAT', 'TTB_SAT']",0.0,0.2,0.8,0.0,,
0.0,0.0,0.0,0.0,1.0,0.0,3.2,0.007825138886719875,0.07334041894217895,1.0,8.338,69.91999999999997,"[69.9199999999987, 0.0, 0.0, 0.0, 0.0, 0.0]",1.3655449875983832,"[1.365544987598389, 0.0, 0.0, 0.0, 0.0, 0.0]","[[-16, 29, 52, 15, -102, 114], [68, 33, 81, -31, 134, 13], [36, -22, 1, 47, 23, -38], [-171, -81, 65, 13, 28, -35]]",61.58199999999997,"[61.58199999999874, 0.0, 0.0, 0.0, 0.0, 0.0]",1.202702966623049,"[1.2027029666230573, 0.0, 0.0, 0.0, 0.0, 0.0]",51.20299999999999,"[0.05, 0.47, 0.28, 0.2]",KKfFP00BlY0FyTD,-0.5952484126984128,75.0,1.029126213592233,1.0303030303030305,1.0297029702970295,1.0666666666666669,1.0277777777777777,1.0476190476190477,"['TTB_SAT', 'TTB_SAT', 'TTB_SAT', 'TTB_SAT', 'TTB_SAT', 'TTB_SAT', 'TTB_SAT', 'TTB_SAT', 'TTB_SAT', 'TTB_SAT']","['TTB_SAT', 'TTB_SAT', 'WADD', 'TTB_SAT', 'TTB_SAT', 'TTB_SAT', 'TTB_SAT', 'TTB_SAT', 'TTB_SAT', 'WADD']",0.2,0.0,0.8,0.0,,
0.0,0.0,0.688,0.0,0.312,0.0,3.2,0.06976388888888889,0.1875,4.0,2.277,32.81437000000001,"[41.26743589743591, 28.98100290697672, 0.0, 0.0, 0.0, 0.0]",0.6408681131964925,"[0.8059573833063663, 0.5660020488443401, 0.0, 0.0, 0.0, 0.0]","[[1, 65, 8, 6, 47, 37], [23, -138, 57, 1, -97, -73], [-83, -200, 54, 89, 118, -117], [-32, 87, 70, -56, -19, -5]]",23.70637000000001,"[29.152051282051332, 21.236816860465048, 0.0, 0.0, 0.0, 0.0]",0.4629879108645978,"[0.5693426416821534, 0.4147572771217506, 0.0, 0.0, 0.0, 0.0]",51.20299999999999,"[0.15, 0.13, 0.43, 0.29]",aA237K2hoPccOCz,-1.0,75.0,1.0097087378640777,1.0101010101010102,1.00990099009901,0.8266666666666667,0.6666666666666666,0.7482993197278911,"['SAT_TTB', 'SAT_TTB', 'SAT_TTB', 'TTB_SAT', 'SAT_TTB', 'SAT_TTB', 'SAT_TTB', 'SAT_TTB', 'TTB_SAT', 'SAT_TTB']","['SAT_TTB', 'SAT_TTB', 'SAT_TTB', 'SAT_TTB', 'SAT_TTB', 'SAT_TTB', 'SAT_TTB', 'SAT_TTB', 'SAT_TTB', 'SAT_TTB']",0.0,1.0,0.0,0.0,,
0.0,0.0,0.846,0.0,0.154,0.0,0.3,0.06971388888888891,0.1875,4.0,2.345,76.20376999999998,"[106.75, 70.64334515366492, 0.0, 0.0, 0.0, 0.0]",1.1925099370911707,"[1.6705267440768736, 1.105495057332551, 0.0, 0.0, 0.0, 0.0]","[[26, 3, -7, -50, 62, 37], [170, -11, -37, 11, -44, 59], [-158, -3, -108, -8, -23, -72], [5, 21, 96, 148, 8, -72]]",66.82377000000001,"[92.3603896103896, 62.17526004728181, 0.0, 0.0, 0.0, 0.0]",1.0457226690870394,"[1.4453442710774231, 0.9729783112779201, 0.0, 0.0, 0.0, 0.0]",63.90200000000002,"[0.03, 0.03, 0.2, 0.74]",Gq2ftjqDBmr2chN,-1.0,75.0,0.9514563106796116,0.9494949494949496,0.9504950495049505,0.8799999999999999,1.0277777777777777,0.9523809523809524,"['SAT_TTB', 'SAT_TTB', 'SAT_TTB', 'SAT_TTB', 'SAT_TTB', 'SAT_TTB', 'SAT_TTB', 'SAT_TTB', 'SAT_TTB', 'SAT_TTB']","['SAT_TTB', 'SAT_TTB', 'SAT_TTB', 'SAT_TTB', 'SAT_TTB', 'SAT_TTB', 'SAT_TTB', 'SAT_TTB', 'SAT_TTB', 'SAT_TTB']",0.0,1.0,0.0,0.0,,
0.0,0.0,0.0,0.0,1.0,0.0,3.2,0.0011478420569329662,0.06353305785123965,1.0,11.0,27.74000000000001,"[27.740000000000542, 0.0, 0.0, 0.0, 0.0, 0.0]",0.5417651309493585,"[0.5417651309493698, 0.0, 0.0, 0.0, 0.0, 0.0]","[[2, 30, -23, 26, 24, -26], [-77, 73, -11, 60, -57, 2], [-44, -40, -49, -44, 100, -98], [31, 24, -31, -144, -34, -8]]",16.74,"[16.73999999999985, 0.0, 0.0, 0.0, 0.0, 0.0]",0.32693396871277075,"[0.32693396871276914, 0.0, 0.0, 0.0, 0.0, 0.0]",51.20299999999999,"[0.2, 0.3, 0.19, 0.31]",2O9UAcifjV8B4g6,-0.8550555555555556,75.0,1.029126213592233,1.0303030303030305,1.0297029702970295,1.0666666666666669,1.0277777777777777,1.0476190476190477,"['TTB_SAT', 'TTB_SAT', 'TTB_SAT', 'TTB_SAT', 'TTB_SAT', 'TTB_SAT', 'TTB_SAT', 'TTB_SAT', 'TTB_SAT', 'TTB_SAT']","['TTB_SAT', 'TTB_SAT', 'TTB_SAT', 'TTB_SAT', 'TTB_SAT', 'TTB_SAT', 'TTB_SAT', 'TTB_SAT', 'TTB_SAT', 'TTB_SAT']",0.0,0.0,1.0,0.0,,
0.0,0.0,0.0,0.0,1.0,0.0,3.2,0.004765902777777778,0.009845104166666669,1.0,15.988,24.41000000000001,"[24.409999999999872, 0.0, 0.0, 0.0, 0.0, 0.0]",0.4767298791086461,"[0.4767298791086433, 0.0, 0.0, 0.0, 0.0, 0.0]","[[82, 45, 5, -120, -5, -22], [-3, -132, 45, 78, 5, 2], [-12, -14, 14, -43, 10, 89], [-114, 72, 25, 56, 74, 101]]",8.422,"[8.4219999999999, 0.0, 0.0, 0.0, 0.0, 0.0]",0.1644825498505948,"[0.16448254985059443, 0.0, 0.0, 0.0, 0.0, 0.0]",51.20299999999999,"[0.31, 0.33, 0.09, 0.27]",aIfvrznIQLqTBd0,-0.7538165168165168,75.0,1.029126213592233,1.0303030303030305,1.0297029702970295,1.0666666666666669,1.0277777777777777,1.0476190476190477,"['TTB_SAT', 'TTB_SAT', 'TTB_SAT', 'TTB_SAT', 'TTB_SAT', 'TTB_SAT', 'TTB_SAT', 'TTB_SAT', 'TTB_SAT', 'TTB_SAT']","['WADD', 'WADD', 'WADD', 'WADD', 'WADD', 'WADD', 'WADD', 'WADD', 'WADD', 'WADD']",1.0,0.0,0.0,0.0,,
0.0,0.0,0.036000000000000004,0.0,0.964,0.0,0.3,0.009098563869992441,0.12018650793650792,4.0,6.14,37.939999999999976,"[37.939999999999735, 37.93999999999999, 0.0, 0.0, 0.0, 0.0]",0.5937216362555161,"[0.5937216362555099, 0.5937216362555161, 0.0, 0.0, 0.0, 0.0]","[[-120, 22, -32, -105, -105, 26], [-6, -42, -123, 68, 59, -90], [87, -117, 56, -95, 34, -15], [-72, 54, 86, 15, -103, -66]]",13.379999999999983,"[13.209709543568525, 17.939999999999984, 0.0, 0.0, 0.0, 0.0]",0.20938311789928304,"[0.2067182489369409, 0.28074238677975616, 0.0, 0.0, 0.0, 0.0]",63.90200000000002,"[0.010000000000000111, 0.58, 0.06, 0.35]",12Smwv1zSNyuuxE,-0.8331333333333332,75.0,0.9514563106796116,0.9494949494949496,0.9504950495049505,0.8799999999999999,1.0277777777777777,0.9523809523809524,"['TTB_SAT', 'TTB_SAT', 'TTB_SAT', 'TTB_SAT', 'TTB_SAT', 'SAT_TTB', 'TTB_SAT', 'TTB_SAT', 'TTB_SAT', 'TTB_SAT']","['TTB', 'TTB', 'TTB', 'TTB', 'TTB', 'TTB', 'TTB', 'TTB', 'TTB', 'TTB_SAT']",0.0,0.0,0.1,0.9,,
0.0,0.0,0.172,0.157,0.6709999999999999,0.0,3.2,0.01360833333333334,0.1875,4.0,4.248,13.849999999999996,"[13.850000000000174, 13.849999999999953, 13.849999999999959, 0.0, 0.0, 0.0]",0.2704919633615218,"[0.2704919633615177, 0.27049196336152187, 0.27049196336152187, 0.0, 0.0, 0.0]","[[11, -192, -3, -131, 0, 63], [99, -2, -149, 65, -106, 101], [12, -17, -175, -95, 44, -177], [15, -23, -34, 84, -149, 28]]",-3.1420000000000043,"[-2.25730253353206, -0.19651162790698185, -10.150000000000023, 0.0, 0.0, 0.0]",-0.061363591977032686,"[-0.04408535698166204, -0.0038378928560237, -0.1982305724273976, 0.0, 0.0, 0.0]",51.20299999999999,"[0.48, 0.25, 0.24, 0.03]",SaPACZPUDlvdmkP,-1.0,75.0,1.0097087378640777,1.0101010101010102,1.00990099009901,0.8266666666666667,0.6666666666666666,0.7482993197278911,"['TTB', 'SAT_TTB', 'TTB_SAT', 'SAT_TTB', 'TTB_SAT', 'TTB', 'TTB_SAT', 'TTB', 'TTB_SAT', 'TTB_SAT']","['TTB', 'SAT_TTB', 'SAT_TTB', 'SAT_TTB', 'TTB', 'TTB', 'TTB', 'TTB', 'SAT_TTB', 'SAT_TTB']",0.0,0.5,0.0,0.5,,
0.0,0.0,0.094,0.0,0.906,0.0,0.3,0.015358333333333337,0.14521666666666666,1.0,4.8439999999999985,110.02168,"[110.97169977925091, 100.86510638297862, 0.0, 0.0, 0.0, 0.0]",1.72172514162311,"[1.7365919654979605, 1.5784342647018674, 0.0, 0.0, 0.0, 0.0]","[[-87, -59, 53, -49, -157, -46], [-139, 11, 115, -40, -204, -116], [-51, -61, -54, 52, 84, -15], [-101, -17, 152, -16, 48, 138]]",105.17768,"[106.07324503311403, 96.54595744680842, 0.0, 0.0, 0.0, 0.0]",1.6459215674000816,"[1.6599362309960954, 1.5108440650810395, 0.0, 0.0, 0.0, 0.0]",63.90200000000002,"[0.09, 0.19, 0.08, 0.64]",WdVOkNPSiCkiKDf,-0.8578,75.0,1.0097087378640777,1.0101010101010102,1.00990099009901,1.2266666666666666,1.2777777777777777,1.2517006802721091,"['TTB_SAT', 'TTB_SAT', 'TTB_SAT', 'TTB_SAT', 'TTB_SAT', 'TTB_SAT', 'TTB_SAT', 'SAT_TTB', 'TTB_SAT', 'TTB_SAT']","['TTB', 'SAT_TTB', 'TTB', 'TTB', 'TTB', 'TTB', 'TTB', 'TTB', 'TTB', 'SAT_TTB']",0.0,0.2,0.0,0.8,,
0.0,0.0,0.0,0.0,1.0,0.0,0.3,0.0034722222222222233,0.09375,1.0,8.0,37.939999999999976,"[37.93999999999983, 0.0, 0.0, 0.0, 0.0, 0.0]",0.5937216362555161,"[0.5937216362555099, 0.0, 0.0, 0.0, 0.0, 0.0]","[[-120, 22, -32, -105, -105, 26], [-6, -42, -123, 68, 59, -90], [87, -117, 56, -95, 34, -15], [-72, 54, 86, 15, -103, -66]]",29.94,"[29.939999999999497, 0.0, 0.0, 0.0, 0.0, 0.0]",0.4685299364652122,"[0.468529936465203, 0.0, 0.0, 0.0, 0.0, 0.0]",63.90200000000002,"[0.010000000000000111, 0.58, 0.06, 0.35]",12Smwv1zSNyuuxE,-0.832342857142857,75.0,1.0097087378640777,1.0101010101010102,1.00990099009901,1.2266666666666666,1.2777777777777777,1.2517006802721091,"['TTB_SAT', 'TTB_SAT', 'TTB_SAT', 'TTB_SAT', 'TTB_SAT', 'TTB_SAT', 'TTB_SAT', 'TTB_SAT', 'TTB_SAT', 'TTB_SAT']","['TTB_SAT', 'TTB_SAT', 'TTB_SAT', 'TTB_SAT', 'TTB_SAT', 'TTB_SAT', 'TTB_SAT', 'TTB_SAT', 'TTB_SAT', 'TTB_SAT']",0.0,0.0,1.0,0.0,,
0.0,0.0,0.0,0.0,1.0,0.0,0.3,0.003086419753086419,0.07638888888888885,1.0,9.0,35.75,"[35.75, 0.0, 0.0, 0.0, 0.0, 0.0]",0.5594504084379207,"[0.5594504084379093, 0.0, 0.0, 0.0, 0.0, 0.0]","[[15, -30, 29, -47, -45, -53], [-99, -104, 26, 20, -32, -84], [159, -28, 100, -106, 63, 32], [61, -31, -171, -16, -79, -55]]",26.75,"[26.75, 0.0, 0.0, 0.0, 0.0, 0.0]",0.41860974617382857,"[0.4186097461738384, 0.0, 0.0, 0.0, 0.0, 0.0]",63.90200000000002,"[0.37, 0.44, 0.17, 0.02]",IBOZgXFSkyvyiUf,-0.823,75.0,1.0097087378640777,1.0101010101010102,1.00990099009901,1.2266666666666666,1.2777777777777777,1.2517006802721091,"['TTB_SAT', 'TTB_SAT', 'TTB_SAT', 'TTB_SAT', 'TTB_SAT', 'TTB_SAT', 'TTB_SAT', 'TTB_SAT', 'TTB_SAT', 'TTB_SAT']","['TTB_SAT', 'TTB_SAT', 'TTB_SAT', 'TTB_SAT', 'TTB_SAT', 'TTB_SAT', 'TTB_SAT', 'TTB_SAT', 'TTB_SAT', 'TTB_SAT']",0.0,0.0,1.0,0.0,,
0.0,0.0,0.34,0.0,0.66,0.0,3.2,0.07029166666666667,0.1875,4.0,2.286,81.88998000000002,"[82.168151515151, 81.35000000000007, 0.0, 0.0, 0.0, 0.0]",1.5993199617209932,"[1.6047526808029102, 1.5887740952678464, 0.0, 0.0, 0.0, 0.0]","[[11, 99, 37, 96, -15, -10], [-102, 110, 161, -24, -71, 37], [-55, 8, 9, 21, 70, 82], [-34, -16, 17, 136, 62, 150]]",72.74598,"[70.37421212121174, 77.35000000000007, 0.0, 0.0, 0.0, 0.0]",1.4207366755854154,"[1.3744157983167422, 1.5106536726363742, 0.0, 0.0, 0.0, 0.0]",51.20299999999999,"[0.1, 0.54, 0.15, 0.21]",aYhiKG1buBq3xGu,-1.0,75.0,1.0097087378640777,1.0101010101010102,1.00990099009901,0.8266666666666667,0.6666666666666666,0.7482993197278911,"['TTB_SAT', 'TTB_SAT', 'TTB_SAT', 'SAT_TTB', 'TTB_SAT', 'TTB_SAT', 'TTB_SAT', 'TTB_SAT', 'SAT_TTB', 'SAT_TTB']","['SAT_TTB', 'TTB', 'TTB', 'SAT_TTB', 'SAT_TTB', 'SAT_TTB', 'TTB', 'SAT_TTB', 'SAT_TTB', 'SAT_TTB']",0.0,0.7,0.0,0.3,,
0.0,0.0,0.062,0.183,0.755,0.0,0.3,0.006655555555555557,0.1875,1.0,4.9289999999999985,106.75,"[106.75, 106.75, 106.75, 0.0, 0.0, 0.0]",1.6705267440768676,"[1.6705267440768456, 1.6705267440768667, 1.6705267440768747, 0.0, 0.0, 0.0]","[[26, 3, -7, -50, 62, 37], [170, -11, -37, 11, -44, 59], [-158, -3, -108, -8, -23, -72], [5, 21, 96, 148, 8, -72]]",101.821,"[102.00430463576159, 102.75, 100.75, 0.0, 0.0, 0.0]",1.5933930080435663,"[1.596261535409865, 1.6079308941817165, 1.5766329692341399, 0.0, 0.0, 0.0]",63.90200000000002,"[0.03, 0.03, 0.2, 0.74]",Gq2ftjqDBmr2chN,-1.0,75.0,1.0097087378640777,1.0101010101010102,1.00990099009901,1.2266666666666666,1.2777777777777777,1.2517006802721091,"['TTB_SAT', 'TTB', 'TTB_SAT', 'TTB_SAT', 'TTB', 'TTB', 'TTB_SAT', 'TTB_SAT', 'TTB', 'TTB_SAT']","['TTB', 'TTB', 'SAT_TTB', 'TTB', 'TTB', 'TTB', 'SAT_TTB', 'SAT_TTB', 'TTB', 'SAT_TTB']",0.0,0.4,0.0,0.6,,
0.0,0.0,0.0,0.0,1.0,0.0,0.3,0.0034722222222222233,0.09375,1.0,8.0,15.759999999999994,"[15.76000000000019, 0.0, 0.0, 0.0, 0.0, 0.0]",0.24662764858689856,"[0.24662764858689598, 0.0, 0.0, 0.0, 0.0, 0.0]","[[-56, 69, -45, 13, -11, -81], [158, 111, -15, 70, 133, 4], [-22, 1, -38, -46, -67, -123], [-17, 31, -20, -11, -19, -48]]",7.760000000000002,"[7.760000000000158, 0.0, 0.0, 0.0, 0.0, 0.0]",0.1214359487965948,"[0.12143594879659166, 0.0, 0.0, 0.0, 0.0, 0.0]",63.90200000000002,"[0.02000000000000001, 0.04, 0.64, 0.3]",klD1PHboiI6GI83,-0.9554285714285712,75.0,1.0097087378640777,1.0101010101010102,1.00990099009901,1.2266666666666666,1.2777777777777777,1.2517006802721091,"['TTB_SAT', 'TTB_SAT', 'TTB_SAT', 'TTB_SAT', 'TTB_SAT', 'TTB_SAT', 'TTB_SAT', 'TTB_SAT', 'TTB_SAT', 'TTB_SAT']","['TTB_SAT', 'TTB_SAT', 'TTB_SAT', 'TTB_SAT', 'TTB_SAT', 'TTB_SAT', 'TTB_SAT', 'TTB_SAT', 'TTB_SAT', 'TTB_SAT']",0.0,0.0,1.0,0.0,,
0.0,0.0,0.042,0.0,0.958,0.0,3.2,0.016904820483749056,0.11661417517006804,4.0,5.532,48.61139000000001,"[49.401910229645, 30.58, 0.0, 0.0, 0.0, 0.0]",0.9493855828760036,"[0.9648245264856691, 0.5972306310177135, 0.0, 0.0, 0.0, 0.0]","[[7, -95, 8, -33, 43, -148], [36, -62, 14, 74, 0, 49], [-64, -38, 68, 51, -33, -99], [-18, -90, 7, 63, -23, -100]]",26.48339,"[27.1012839248439, 12.3895238095238, 0.0, 0.0, 0.0, 0.0]",0.5172234048786206,"[0.5292909385161713, 0.2419687090507161, 0.0, 0.0, 0.0, 0.0]",51.20299999999999,"[0.06, 0.31, 0.35, 0.28]",U6NalRd3JS7aHgM,-0.8185999999999999,75.0,1.0097087378640777,1.0101010101010102,1.00990099009901,0.8266666666666667,0.6666666666666666,0.7482993197278911,"['TTB_SAT', 'TTB_SAT', 'TTB_SAT', 'TTB_SAT', 'TTB_SAT', 'TTB_SAT', 'TTB_SAT', 'TTB_SAT', 'TTB_SAT', 'TTB_SAT']","['SAT_TTB', 'TTB', 'TTB_SAT', 'SAT_TTB', 'TTB', 'TTB_SAT', 'SAT_TTB', 'SAT_TTB', 'SAT_TTB', 'SAT_TTB']",0.0,0.6,0.2,0.2,,
0.0,0.0,0.0,0.0,1.0,0.0,0.3,0.0034722222222222233,0.09375,1.0,8.0,77.4,"[77.39999999999998, 0.0, 0.0, 0.0, 0.0, 0.0]",1.2112296954711899,"[1.2112296954711967, 0.0, 0.0, 0.0, 0.0, 0.0]","[[61, -42, -94, -52, -163, 53], [85, -65, -84, 88, 40, 87], [53, -6, 64, -32, 83, -117], [101, 67, 39, -108, -29, 8]]",69.39999999999999,"[69.40000000000065, 0.0, 0.0, 0.0, 0.0, 0.0]",1.0860379956808863,"[1.086037995680872, 0.0, 0.0, 0.0, 0.0, 0.0]",63.90200000000002,"[0.51, 0.17, 0.01, 0.31]",55wGWrG0AsulSFG,-0.8302380952380952,75.0,1.0097087378640777,1.0101010101010102,1.00990099009901,1.2266666666666666,1.2777777777777777,1.2517006802721091,"['TTB_SAT', 'TTB_SAT', 'TTB_SAT', 'TTB_SAT', 'TTB_SAT', 'TTB_SAT', 'TTB_SAT', 'TTB_SAT', 'TTB_SAT', 'TTB_SAT']","['TTB_SAT', 'TTB_SAT', 'TTB_SAT', 'TTB_SAT', 'TTB_SAT', 'TTB_SAT', 'TTB_SAT', 'TTB_SAT', 'TTB_SAT', 'TTB_SAT']",0.0,0.0,1.0,0.0,,
0.0,0.0,0.019,0.0,0.981,0.0,3.2,0.00616257072633155,0.09877809444163338,4.0,7.718,-10.44,"[-9.389673802242564, -64.67, 0.0, 0.0, 0.0, 0.0]",-0.2038943030681796,"[-0.18338132145074612, -1.263011932894557, 0.0, 0.0, 0.0, 0.0]","[[27, -53, -32, -18, 75, 68], [29, 3, 15, 149, -146, 2], [9, 32, -68, 54, -108, -104], [98, 31, 97, 8, -114, -101]]",-41.31199999999999,"[-40.54971457696219, -80.67000000000002, 0.0, 0.0, 0.0, 0.0]",-0.8068277249379919,"[-0.791940210084607, -1.5754936234205028, 0.0, 0.0, 0.0, 0.0]",51.20299999999999,"[0.29, 0.22, 0.26, 0.23]",tK9NSXZJXL2a1DM,-0.6805531746031745,75.0,1.0097087378640777,1.0101010101010102,1.00990099009901,0.8266666666666667,0.6666666666666666,0.7482993197278911,"['TTB_SAT', 'TTB_SAT', 'TTB_SAT', 'TTB_SAT', 'TTB_SAT', 'TTB_SAT', 'TTB_SAT', 'TTB_SAT', 'TTB_SAT', 'TTB_SAT']","['TTB_SAT', 'TTB_SAT', 'TTB', 'TTB_SAT', 'TTB_SAT', 'TTB_SAT', 'TTB_SAT', 'TTB_SAT', 'TTB', 'TTB_SAT']",0.0,0.0,0.8,0.2,,
0.0,0.0,0.165,0.141,0.6940000000000001,0.0,3.2,0.027075,0.1875,4.0,3.663,-18.529999999999994,"[-18.530000000000186, -18.53000000000005, -18.530000000000026, 0.0, 0.0, 0.0]",-0.3618928578403609,"[-0.36189285784035985, -0.3618928578403601, -0.3618928578403602, 0.0, 0.0, 0.0]","[[-50, 10, -163, 57, 26, 95], [13, -25, 81, 4, -24, -10], [-85, 19, -88, 37, -86, 5], [-41, 47, 116, -1, -4, -34]]",-33.18199999999999,"[-32.95074927953878, -26.166363636363705, -42.52999999999998, 0.0, 0.0, 0.0]",-0.6480479659394958,"[-0.6435316149354345, -0.5110318465004697, -0.8306153936292768, 0.0, 0.0, 0.0]",51.20299999999999,"[0.23, 0.32, 0.29, 0.16]",HO2m16im97e1RLZ,-1.0,75.0,1.0097087378640777,1.0101010101010102,1.00990099009901,0.8266666666666667,0.6666666666666666,0.7482993197278911,"['TTB_SAT', 'TTB_SAT', 'TTB_SAT', 'TTB_SAT', 'TTB_SAT', 'SAT_TTB', 'TTB_SAT', 'SAT_TTB', 'TTB_SAT', 'TTB_SAT']","['TTB', 'SAT_TTB', 'SAT_TTB', 'TTB', 'SAT_TTB', 'SAT_TTB', 'SAT_TTB', 'SAT_TTB', 'SAT_TTB', 'SAT_TTB']",0.0,0.8,0.0,0.2,,
0.0,0.0,0.0,1.0,0.0,0.0,0.3,0.0,0.1875,4.0,6.0,15.759999999999994,"[0.0, 0.0, 15.76000000000019, 0.0, 0.0, 0.0]",0.24662764858689856,"[0.0, 0.0, 0.24662764858689598, 0.0, 0.0, 0.0]","[[-56, 69, -45, 13, -11, -81], [158, 111, -15, 70, 133, 4], [-22, 1, -38, -46, -67, -123], [-17, 31, -20, -11, -19, -48]]",-8.239999999999998,"[0.0, 0.0, -8.239999999999839, 0.0, 0.0, 0.0]",-0.12894745078401298,"[0.0, 0.0, -0.12894745078401185, 0.0, 0.0, 0.0]",63.90200000000002,"[0.02000000000000001, 0.04, 0.64, 0.3]",klD1PHboiI6GI83,-1.0,75.0,0.9514563106796116,0.9494949494949496,0.9504950495049505,0.8799999999999999,1.0277777777777777,0.9523809523809524,"['TTB', 'TTB', 'TTB', 'TTB', 'TTB', 'TTB', 'TTB', 'TTB', 'TTB', 'TTB']","['TTB', 'TTB', 'TTB', 'TTB', 'TTB', 'TTB', 'TTB', 'TTB', 'TTB', 'TTB']",0.0,0.0,0.0,1.0,,
0.0,0.0,0.0,1.0,0.0,0.0,0.3,0.0,0.1875,1.0,6.0,79.61999999999998,"[0.0, 0.0, 79.62000000000012, 0.0, 0.0, 0.0]",1.2459703921629992,"[0.0, 0.0, 1.2459703921629928, 0.0, 0.0, 0.0]","[[10, -11, 78, -20, 94, 69], [-36, -45, 82, -86, -100, 31], [-48, -38, -84, 6, 116, -74], [114, 25, -50, -68, 52, 53]]",73.62,"[0.0, 0.0, 73.62000000000052, 0.0, 0.0, 0.0]",1.152076617320272,"[0.0, 0.0, 1.1520766173202848, 0.0, 0.0, 0.0]",63.90200000000002,"[0.09, 0.1, 0.61, 0.2]",rVjVpCboG0KJwv1,-1.0,75.0,1.0097087378640777,1.0101010101010102,1.00990099009901,1.2266666666666666,1.2777777777777777,1.2517006802721091,"['TTB', 'TTB', 'TTB', 'TTB', 'TTB', 'TTB', 'TTB', 'TTB', 'TTB', 'TTB']","['TTB', 'TTB', 'TTB', 'TTB', 'TTB', 'TTB', 'TTB', 'TTB', 'TTB', 'TTB']",0.0,0.0,0.0,1.0,,
0.0,0.0,0.0,0.0,1.0,0.0,3.2,0.003166909381036366,0.10977925351158982,1.0,7.508999999999999,13.928039999999998,"[13.928040000000237, 0.0, 0.0, 0.0, 0.0, 0.0]",0.2720160928070621,"[0.27201609280705474, 0.0, 0.0, 0.0, 0.0, 0.0]","[[11, -192, -3, -131, 0, 63], [99, -2, -149, 65, -106, 101], [12, -17, -175, -95, 44, -177], [15, -23, -34, 84, -149, 28]]",6.419039999999995,"[6.419040000000087, 0.0, 0.0, 0.0, 0.0, 0.0]",0.1253645294221041,"[0.12536452942210385, 0.0, 0.0, 0.0, 0.0, 0.0]",51.20299999999999,"[0.48, 0.25, 0.24, 0.03]",SaPACZPUDlvdmkP,-0.9441547619047621,75.0,1.029126213592233,1.0303030303030305,1.0297029702970295,1.0666666666666669,1.0277777777777777,1.0476190476190477,"['TTB_SAT', 'TTB_SAT', 'TTB_SAT', 'TTB_SAT', 'TTB_SAT', 'TTB_SAT', 'TTB_SAT', 'TTB_SAT', 'TTB_SAT', 'TTB_SAT']","['TTB_SAT', 'TTB_SAT', 'TTB', 'TTB_SAT', 'TTB', 'TTB_SAT', 'TTB', 'TTB', 'TTB', 'TTB']",0.0,0.0,0.4,0.6,,
0.0,0.0,0.0,0.0,1.0,0.0,0.3,0.00315717120181406,0.1098176020408163,4.0,7.506,35.75,"[35.75, 0.0, 0.0, 0.0, 0.0, 0.0]",0.5594504084379207,"[0.5594504084379093, 0.0, 0.0, 0.0, 0.0, 0.0]","[[15, -30, 29, -47, -45, -53], [-99, -104, 26, 20, -32, -84], [159, -28, 100, -106, 63, 32], [61, -31, -171, -16, -79, -55]]",5.726,"[5.726, 0.0, 0.0, 0.0, 0.0, 0.0]",0.08960595912491001,"[0.08960595912491004, 0.0, 0.0, 0.0, 0.0, 0.0]",63.90200000000002,"[0.37, 0.44, 0.17, 0.02]",IBOZgXFSkyvyiUf,-0.9534285714285712,75.0,0.9514563106796116,0.9494949494949496,0.9504950495049505,0.8799999999999999,1.0277777777777777,0.9523809523809524,"['TTB_SAT', 'TTB_SAT', 'TTB_SAT', 'TTB_SAT', 'TTB_SAT', 'TTB_SAT', 'TTB_SAT', 'TTB_SAT', 'TTB_SAT', 'TTB_SAT']","['TTB_SAT', 'TTB', 'TTB', 'TTB', 'TTB', 'TTB', 'TTB', 'TTB_SAT', 'TTB_SAT', 'TTB_SAT']",0.0,0.0,0.4,0.6,,
0.0,0.0,0.0,0.0,1.0,0.0,0.3,0.002834467120181407,0.1262755102040816,4.0,7.0,23.27,"[23.270000000000355, 0.0, 0.0, 0.0, 0.0, 0.0]",0.3641513567650465,"[0.3641513567650397, 0.0, 0.0, 0.0, 0.0, 0.0]","[[-62, -42, -7, -47, -26, -14], [-13, -71, 120, -32, 98, -95], [-68, 29, -35, -55, -23, 22], [23, 4, 10, 112, 48, -82]]",-4.730000000000002,"[-4.729999999999955, 0.0, 0.0, 0.0, 0.0, 0.0]",-0.07401959250101718,"[-0.07401959250101699, 0.0, 0.0, 0.0, 0.0, 0.0]",63.90200000000002,"[0.59, 0.22, 0.02, 0.17]",EDYV3TvmyqJrQOZ,-0.9386666666666664,75.0,0.9514563106796116,0.9494949494949496,0.9504950495049505,0.8799999999999999,1.0277777777777777,0.9523809523809524,"['TTB_SAT', 'TTB_SAT', 'TTB_SAT', 'TTB_SAT', 'TTB_SAT', 'TTB_SAT', 'TTB_SAT', 'TTB_SAT', 'TTB_SAT', 'TTB_SAT']","['TTB', 'TTB', 'TTB', 'TTB', 'TTB', 'TTB', 'TTB', 'TTB', 'TTB', 'TTB']",0.0,0.0,0.0,1.0,,
0.0,0.0,0.0,1.0,0.0,0.0,0.3,0.0,0.1875,4.0,6.0,27.779999999999994,"[0.0, 0.0, 27.779999999999692, 0.0, 0.0, 0.0]",0.4347281775218302,"[0.0, 0.0, 0.4347281775218332, 0.0, 0.0, 0.0]","[[13, 44, -5, 28, -6, -76], [-40, 25, 9, -196, 123, -17], [-133, 45, -113, -55, 31, -16], [50, -67, -24, -11, -31, -43]]",3.7800000000000007,"[0.0, 0.0, 3.7800000000000793, 0.0, 0.0, 0.0]",0.05915307815091862,"[0.0, 0.0, 0.05915307815091917, 0.0, 0.0, 0.0]",63.90200000000002,"[0.38, 0.05, 0.02, 0.55]",nQ4KJRm5qzDmfGs,-1.0,75.0,0.9514563106796116,0.9494949494949496,0.9504950495049505,0.8799999999999999,1.0277777777777777,0.9523809523809524,"['TTB', 'TTB', 'TTB', 'TTB', 'TTB', 'TTB', 'TTB', 'TTB', 'TTB', 'TTB']","['TTB', 'TTB', 'TTB', 'TTB', 'TTB', 'TTB', 'TTB', 'TTB', 'TTB', 'TTB']",0.0,0.0,0.0,1.0,,
0.0,0.0,0.0,0.0,1.0,0.0,3.2,0.003476111111111112,0.093345,1.0,8.022,33.26,"[33.25999999999933, 0.0, 0.0, 0.0, 0.0, 0.0]",0.6495713141808098,"[0.6495713141808098, 0.0, 0.0, 0.0, 0.0, 0.0]","[[-33, -36, -64, -39, -109, 24], [-9, 26, 36, 11, 43, 38], [61, -11, 147, 71, 140, 2], [13, -125, 64, -113, -76, 69]]",25.238000000000003,"[25.237999999999563, 0.0, 0.0, 0.0, 0.0, 0.0]",0.49290080659336405,"[0.4929008065933737, 0.0, 0.0, 0.0, 0.0, 0.0]",51.20299999999999,"[0.4, 0.14, 0.2, 0.26]",6lht0ZurQP2rMOw,-0.9494166666666666,75.0,1.029126213592233,1.0303030303030305,1.0297029702970295,1.0666666666666669,1.0277777777777777,1.0476190476190477,"['TTB_SAT', 'TTB_SAT', 'TTB_SAT', 'TTB_SAT', 'TTB_SAT', 'TTB_SAT', 'TTB_SAT', 'TTB_SAT', 'TTB_SAT', 'TTB_SAT']","['TTB_SAT', 'TTB_SAT', 'TTB_SAT', 'TTB_SAT', 'TTB_SAT', 'TTB_SAT', 'TTB_SAT', 'TTB_SAT', 'TTB_SAT', 'TTB_SAT']",0.0,0.0,1.0,0.0,,
0.0,0.0,0.0,0.0,1.0,0.0,0.3,0.0029261805555555564,0.0678065625,1.0,9.782,62.91999999999999,"[62.91999999999873, 0.0, 0.0, 0.0, 0.0, 0.0]",0.9846327188507404,"[0.9846327188507531, 0.0, 0.0, 0.0, 0.0, 0.0]","[[-101, -31, 34, -10, 30, -23], [-98, -42, -2, 84, 60, -107], [65, -46, -22, -61, -87, 97], [84, 85, 84, 93, 18, -17]]",53.137999999999984,"[53.13799999999881, 0.0, 0.0, 0.0, 0.0, 0.0]",0.8315545679321462,"[0.8315545679321543, 0.0, 0.0, 0.0, 0.0, 0.0]",63.90200000000002,"[0.06, 0.26, 0.14, 0.54]",3uXiz4V3sUrSmY9,-0.2436619047619048,75.0,1.0097087378640777,1.0101010101010102,1.00990099009901,1.2266666666666666,1.2777777777777777,1.2517006802721091,"['TTB_SAT', 'TTB_SAT', 'TTB_SAT', 'TTB_SAT', 'TTB_SAT', 'TTB_SAT', 'TTB_SAT', 'TTB_SAT', 'TTB_SAT', 'TTB_SAT']","['TTB_SAT', 'TTB_SAT', 'TTB_SAT', 'TTB_SAT', 'TTB_SAT', 'TTB_SAT', 'TTB_SAT', 'TTB_SAT', 'TTB_SAT', 'TTB_SAT']",0.0,0.0,1.0,0.0,,
0.134,0.0,0.0,0.0,0.866,0.0,3.2,0.004235687761012436,0.02841740559972828,1.0,13.291,35.43,"[35.43000000000024, 0.0, 0.0, 0.0, 0.0, 35.42999999999998]",0.6919516434583913,"[0.6919516434583869, 0.0, 0.0, 0.0, 0.0, 0.6919516434583918]","[[-17, -40, -75, -19, -145, 57], [-60, -77, 11, -48, -57, 46], [65, 14, 45, 68, 43, -74], [-43, -100, 101, 144, 15, -52]]",22.13900000000001,"[22.248706697459795, 0.0, 0.0, 0.0, 0.0, 21.429999999999968]",0.4323770091596196,"[0.4345195925523778, 0.0, 0.0, 0.0, 0.0, 0.41853016424818884]",51.20299999999999,"[0.31, 0.14, 0.41, 0.14]",fNApTMMb9VDwixr,-0.23965079365079364,75.0,1.029126213592233,1.0303030303030305,1.0297029702970295,1.0666666666666669,1.0277777777777777,1.0476190476190477,"['TTB_SAT', 'Other', 'TTB_SAT', 'TTB_SAT', 'TTB_SAT', 'TTB_SAT', 'TTB_SAT', 'TTB_SAT', 'TTB_SAT', 'Other']","['WADD', 'WADD', 'WADD', 'TTB_SAT', 'WADD', 'WADD', 'WADD', 'WADD', 'WADD', 'WADD']",0.9,0.0,0.1,0.0,,
0.0,0.0,0.0,0.0,1.0,0.0,3.2,0.003158446712018141,0.10975255102040814,1.0,7.507999999999999,68.36,"[68.3600000000005, 0.0, 0.0, 0.0, 0.0, 0.0]",1.3350780227721029,"[1.335078022772082, 0.0, 0.0, 0.0, 0.0, 0.0]","[[11, 127, 163, 10, -12, 60], [-29, 43, 18, 65, 3, -22], [-22, -34, 11, -101, 22, 34], [-98, 115, -44, -8, 33, -7]]",60.852,"[60.85200000000048, 0.0, 0.0, 0.0, 0.0, 0.0]",1.1884459894928032,"[1.1884459894928074, 0.0, 0.0, 0.0, 0.0, 0.0]",51.20299999999999,"[0.08000000000000002, 0.33, 0.16, 0.43]",X1an3is3yUOfCuZ,-0.9511428571428572,75.0,1.029126213592233,1.0303030303030305,1.0297029702970295,1.0666666666666669,1.0277777777777777,1.0476190476190477,"['TTB_SAT', 'TTB_SAT', 'TTB_SAT', 'TTB_SAT', 'TTB_SAT', 'TTB_SAT', 'TTB_SAT', 'TTB_SAT', 'TTB_SAT', 'TTB_SAT']","['TTB_SAT', 'TTB_SAT', 'TTB', 'TTB', 'TTB_SAT', 'TTB', 'TTB_SAT', 'TTB_SAT', 'TTB', 'TTB']",0.0,0.0,0.5,0.5,,
0.0,0.0,0.19,0.0,0.81,0.0,0.3,0.04150802831317713,0.14080919571995462,4.0,4.393,49.48000000000001,"[49.480000000000274, 49.47999999999976, 0.0, 0.0, 0.0, 0.0]",0.7743106632030297,"[0.7743106632030262, 0.7743106632030291, 0.0, 0.0, 0.0, 0.0]","[[-64, -14, -37, -37, -139, 10], [-30, 23, 34, -38, 29, 130], [50, -10, -34, 126, -54, 94], [-47, -75, -77, -33, 38, -38]]",31.908000000000005,"[28.852839506172483, 44.93263157894715, 0.0, 0.0, 0.0, 0.0]",0.4993270946136271,"[0.4515170026943252, 0.7031490654274896, 0.0, 0.0, 0.0, 0.0]",63.90200000000002,"[0.06, 0.48, 0.03, 0.43]",Q8ZMcp5SHNKniCj,-0.7729266347687401,75.0,0.9514563106796116,0.9494949494949496,0.9504950495049505,0.8799999999999999,1.0277777777777777,0.9523809523809524,"['SAT_TTB', 'TTB_SAT', 'TTB_SAT', 'TTB_SAT', 'TTB_SAT', 'TTB_SAT', 'TTB_SAT', 'TTB_SAT', 'TTB_SAT', 'TTB_SAT']","['SAT_TTB', 'SAT_TTB', 'SAT_TTB', 'SAT_TTB', 'TTB_SAT', 'TTB', 'TTB_SAT', 'TTB_SAT', 'SAT_TTB', 'TTB_SAT']",0.0,0.5,0.4,0.1,,
0.0,0.0,0.0,1.0,0.0,0.0,0.3,0.0,0.1875,1.0,6.0,68.86,"[0.0, 0.0, 68.8600000000005, 0.0, 0.0, 0.0]",1.0775875559450407,"[0.0, 0.0, 1.0775875559450232, 0.0, 0.0, 0.0]","[[-69, 74, -146, 18, -66, -39], [-59, 123, 55, -117, -17, -38], [32, 53, 83, 32, -9, -48], [-24, -104, 109, 21, 25, 52]]",62.86000000000002,"[0.0, 0.0, 62.86000000000049, 0.0, 0.0, 0.0]",0.9836937811023128,"[0.0, 0.0, 0.98369378110229, 0.0, 0.0, 0.0]",63.90200000000002,"[0.06, 0.07, 0.81, 0.06]",si1lNmExwYp0qHd,-1.0,75.0,1.0097087378640777,1.0101010101010102,1.00990099009901,1.2266666666666666,1.2777777777777777,1.2517006802721091,"['TTB', 'TTB', 'TTB', 'TTB', 'TTB', 'TTB', 'TTB', 'TTB', 'TTB', 'TTB']","['TTB', 'TTB', 'TTB', 'TTB', 'TTB', 'TTB', 'TTB', 'TTB', 'TTB', 'TTB']",0.0,0.0,0.0,1.0,,
0.0,0.0,0.0,0.0,1.0,0.0,0.3,0.0022222222222222227,0.0675,1.0,10.0,49.48000000000001,"[49.48000000000083, 0.0, 0.0, 0.0, 0.0, 0.0]",0.7743106632030297,"[0.7743106632030179, 0.0, 0.0, 0.0, 0.0, 0.0]","[[-64, -14, -37, -37, -139, 10], [-30, 23, 34, -38, 29, 130], [50, -10, -34, 126, -54, 94], [-47, -75, -77, -33, 38, -38]]",39.48,"[39.48000000000023, 0.0, 0.0, 0.0, 0.0, 0.0]",0.6178210384651496,"[0.6178210384651505, 0.0, 0.0, 0.0, 0.0, 0.0]",63.90200000000002,"[0.06, 0.48, 0.03, 0.43]",Q8ZMcp5SHNKniCj,-0.3863587301587302,75.0,1.0097087378640777,1.0101010101010102,1.00990099009901,1.2266666666666666,1.2777777777777777,1.2517006802721091,"['TTB_SAT', 'TTB_SAT', 'TTB_SAT', 'TTB_SAT', 'TTB_SAT', 'TTB_SAT', 'TTB_SAT', 'TTB_SAT', 'TTB_SAT', 'TTB_SAT']","['TTB_SAT', 'TTB_SAT', 'TTB_SAT', 'TTB_SAT', 'TTB_SAT', 'TTB_SAT', 'TTB_SAT', 'TTB_SAT', 'TTB_SAT', 'TTB_SAT']",0.0,0.0,1.0,0.0,,
0.0,0.0,0.212,0.0,0.7879999999999999,0.0,0.3,0.011097222222222224,0.1875,4.0,4.335,70.63604000000002,"[70.56484771573585, 70.90066037735832, 0.0, 0.0, 0.0, 0.0]",1.1053807392569874,"[1.1042666538721349, 1.1095217736120682, 0.0, 0.0, 0.0, 0.0]","[[-131, 85, 56, -12, -48, 108], [77, -51, -7, -137, 64, 40], [-42, 53, -43, -68, 81, 65], [67, -79, -44, 141, 59, -110]]",53.29603999999999,"[53.204441624365295, 53.6365094339622, 0.0, 0.0, 0.0, 0.0]",0.8340277299615036,"[0.8325943104185476, 0.8393557233570504, 0.0, 0.0, 0.0, 0.0]",63.90200000000002,"[0.06000000000000001, 0.04, 0.88, 0.02]",PCWdMJAPeV3vIAW,-1.0,75.0,0.9514563106796116,0.9494949494949496,0.9504950495049505,0.8799999999999999,1.0277777777777777,0.9523809523809524,"['SAT_TTB', 'TTB_SAT', 'TTB_SAT', 'TTB_SAT', 'TTB_SAT', 'TTB_SAT', 'TTB_SAT', 'TTB_SAT', 'TTB_SAT', 'TTB_SAT']","['TTB', 'SAT_TTB', 'TTB', 'SAT_TTB', 'TTB', 'SAT_TTB', 'SAT_TTB', 'TTB', 'SAT_TTB', 'TTB']",0.0,0.5,0.0,0.5,,
0.0,0.0,0.0,0.0,1.0,0.0,3.2,0.001783493946598247,0.025190324129651862,1.0,15.186,24.96,"[24.959999999999425, 0.0, 0.0, 0.0, 0.0, 0.0]",0.4874714372204753,"[0.4874714372204641, 0.0, 0.0, 0.0, 0.0, 0.0]","[[-50, 10, -163, 57, 26, 95], [13, -25, 81, 4, -24, -10], [-85, 19, -88, 37, -86, 5], [-41, 47, 116, -1, -4, -34]]",9.774000000000004,"[9.773999999999885, 0.0, 0.0, 0.0, 0.0, 0.0]",0.19088725270003715,"[0.19088725270003598, 0.0, 0.0, 0.0, 0.0, 0.0]",51.20299999999999,"[0.23, 0.32, 0.29, 0.16]",HO2m16im97e1RLZ,-0.9382564102564104,75.0,1.029126213592233,1.0303030303030305,1.0297029702970295,1.0666666666666669,1.0277777777777777,1.0476190476190477,"['TTB_SAT', 'TTB_SAT', 'TTB_SAT', 'TTB_SAT', 'TTB_SAT', 'TTB_SAT', 'TTB_SAT', 'TTB_SAT', 'TTB_SAT', 'TTB_SAT']","['WADD', 'WADD', 'WADD', 'WADD', 'WADD', 'WADD', 'WADD', 'WADD', 'WADD', 'WADD']",1.0,0.0,0.0,0.0,,
0.0,0.0,0.0,0.0,1.0,0.0,0.3,0.003086419753086419,0.07638888888888885,1.0,9.0,70.97000000000001,"[70.97000000000082, 0.0, 0.0, 0.0, 0.0, 0.0]",1.1106068667647335,"[1.1106068667647573, 0.0, 0.0, 0.0, 0.0, 0.0]","[[15, 90, 55, -167, -78, -16], [-46, -81, 39, 134, 26, -7], [46, -19, 69, -177, 14, -104], [-32, -73, -15, 28, 203, 27]]",61.97000000000002,"[61.97000000000078, 0.0, 0.0, 0.0, 0.0, 0.0]",0.9697662045006421,"[0.9697662045006229, 0.0, 0.0, 0.0, 0.0, 0.0]",63.90200000000002,"[0.06, 0.01, 0.6, 0.33]",q8OiXnEuGsljtb2,-0.96025,75.0,1.0097087378640777,1.0101010101010102,1.00990099009901,1.2266666666666666,1.2777777777777777,1.2517006802721091,"['TTB_SAT', 'TTB_SAT', 'TTB_SAT', 'TTB_SAT', 'TTB_SAT', 'TTB_SAT', 'TTB_SAT', 'TTB_SAT', 'TTB_SAT', 'TTB_SAT']","['TTB_SAT', 'TTB_SAT', 'TTB_SAT', 'TTB_SAT', 'TTB_SAT', 'TTB_SAT', 'TTB_SAT', 'TTB_SAT', 'TTB_SAT', 'TTB_SAT']",0.0,0.0,1.0,0.0,,
0.0,0.0,0.0,0.0,1.0,0.0,0.3,0.007201646090534976,0.0640432098765432,1.0,9.0,47.51347999999999,"[47.51348000000019, 0.0, 0.0, 0.0, 0.0, 0.0]",0.7435366655190759,"[0.743536665519085, 0.0, 0.0, 0.0, 0.0, 0.0]","[[140, 81, 49, 185, 81, -77], [52, 14, -168, 7, -3, 51], [-119, 61, -183, 64, -31, 6], [49, -53, -44, -94, 23, -90]]",38.51347999999999,"[38.51348000000013, 0.0, 0.0, 0.0, 0.0, 0.0]",0.6026960032549843,"[0.6026960032549861, 0.0, 0.0, 0.0, 0.0, 0.0]",63.90200000000002,"[0.04, 0.29, 0.65, 0.02]",lIbaNiqegro6KIA,-0.8077142857142857,75.0,1.0097087378640777,1.0101010101010102,1.00990099009901,1.2266666666666666,1.2777777777777777,1.2517006802721091,"['TTB_SAT', 'TTB_SAT', 'TTB_SAT', 'TTB_SAT', 'TTB_SAT', 'TTB_SAT', 'TTB_SAT', 'TTB_SAT', 'TTB_SAT', 'TTB_SAT']","['TTB_SAT', 'TTB_SAT', 'TTB_SAT', 'TTB_SAT', 'TTB_SAT', 'TTB_SAT', 'TTB_SAT', 'TTB_SAT', 'TTB_SAT', 'TTB_SAT']",0.0,0.0,1.0,0.0,,
0.0,0.0,0.0,0.0,1.0,0.0,3.2,0.007355710528787452,0.017808235720323633,1.0,13.515,41.330250000000014,"[41.3302499999996, 0.0, 0.0, 0.0, 0.0, 0.0]",0.8071841493662484,"[0.8071841493662334, 0.0, 0.0, 0.0, 0.0, 0.0]","[[27, -53, -32, -18, 75, 68], [29, 3, 15, 149, -146, 2], [9, 32, -68, 54, -108, -104], [98, 31, 97, 8, -114, -101]]",27.81525,"[27.81524999999984, 0.0, 0.0, 0.0, 0.0, 0.0]",0.5432347714001134,"[0.5432347714001142, 0.0, 0.0, 0.0, 0.0, 0.0]",51.20299999999999,"[0.29, 0.22, 0.26, 0.23]",tK9NSXZJXL2a1DM,-0.4798908369408369,75.0,1.029126213592233,1.0303030303030305,1.0297029702970295,1.0666666666666669,1.0277777777777777,1.0476190476190477,"['TTB_SAT', 'TTB_SAT', 'TTB_SAT', 'TTB_SAT', 'TTB_SAT', 'TTB_SAT', 'TTB_SAT', 'TTB_SAT', 'TTB_SAT', 'TTB_SAT']","['WADD', 'WADD', 'WADD', 'WADD', 'WADD', 'WADD', 'WADD', 'WADD', 'WADD', 'WADD']",1.0,0.0,0.0,0.0,,
0.0,0.0,0.7390000000000001,0.0,0.261,0.0,3.2,0.08809722222222223,0.1875,4.0,1.786,89.35862,"[102.56862068965542, 84.69311231393756, 0.0, 0.0, 0.0, 0.0]",1.7451832900415991,"[2.003175999251129, 1.654065431985198, 0.0, 0.0, 0.0, 0.0]","[[87, 10, 22, -15, 44, 161], [93, 107, -71, -46, 3, 182], [-167, 82, -41, 30, -43, -5], [127, 73, -100, -78, 2, -23]]",82.21462,"[92.33107279693503, 78.64169147496604, 0.0, 0.0, 0.0, 0.0]",1.6056602152217645,"[1.8032356072287745, 1.5358805436198344, 0.0, 0.0, 0.0, 0.0]",51.20299999999999,"[0.19, 0.51, 0.1, 0.2]",B9PWF5Bu1hHzIBA,-1.0,75.0,1.0097087378640777,1.0101010101010102,1.00990099009901,0.8266666666666667,0.6666666666666666,0.7482993197278911,"['SAT_TTB', 'SAT_TTB', 'SAT_TTB', 'TTB_SAT', 'SAT_TTB', 'SAT_TTB', 'TTB_SAT', 'TTB_SAT', 'SAT_TTB', 'SAT_TTB']","['SAT_TTB', 'SAT_TTB', 'SAT_TTB', 'SAT_TTB', 'SAT_TTB', 'SAT_TTB', 'SAT_TTB', 'SAT_TTB', 'SAT_TTB', 'SAT_TTB']",0.0,1.0,0.0,0.0,,
0.0,0.0,0.413,0.0,0.5870000000000001,0.0,3.2,0.07549166666666668,0.180975,4.0,2.102,46.69416,"[42.828466780238614, 52.18849878934639, 0.0, 0.0, 0.0, 0.0]",0.9119418784055621,"[0.8364444813826973, 1.0192468954816294, 0.0, 0.0, 0.0, 0.0]","[[-16, 29, 52, 15, -102, 114], [68, 33, 81, -31, 134, 13], [36, -22, 1, 47, 23, -38], [-171, -81, 65, 13, 28, -35]]",38.286159999999995,"[31.89831345826257, 47.36525423728832, 0.0, 0.0, 0.0, 0.0]",0.7477327500341777,"[0.6229774321477699, 0.9250484197661905, 0.0, 0.0, 0.0, 0.0]",51.20299999999999,"[0.05, 0.47, 0.28, 0.2]",KKfFP00BlY0FyTD,-0.974417426545086,75.0,1.0097087378640777,1.0101010101010102,1.00990099009901,0.8266666666666667,0.6666666666666666,0.7482993197278911,"['TTB_SAT', 'SAT_TTB', 'TTB_SAT', 'TTB_SAT', 'SAT_TTB', 'TTB_SAT', 'SAT_TTB', 'SAT_TTB', 'TTB_SAT', 'TTB_SAT']","['SAT_TTB', 'SAT_TTB', 'SAT_TTB', 'SAT_TTB', 'SAT_TTB', 'SAT_TTB', 'SAT_TTB', 'SAT_TTB', 'SAT_TTB', 'SAT_TTB']",0.0,1.0,0.0,0.0,,
0.0,0.0,0.501,0.189,0.31,0.0,3.2,0.04000555555555557,0.1875,4.0,3.575,68.36,"[68.3600000000003, 68.36000000000041, 68.36000000000011, 0.0, 0.0, 0.0]",1.3350780227721029,"[1.3350780227721077, 1.3350780227721082, 1.3350780227721073, 0.0, 0.0, 0.0]","[[11, 127, 163, 10, -12, 60], [-29, 43, 18, 65, 3, -22], [-22, -34, 11, -101, 22, 34], [-98, 115, -44, -8, 33, -7]]",54.06000000000001,"[51.92129032258086, 59.0426347305393, 44.35999999999987, 0.0, 0.0, 0.0]",1.055797511864539,"[1.0140282858930276, 1.1531088946065409, 0.8663554869831852, 0.0, 0.0, 0.0]",51.20299999999999,"[0.08000000000000002, 0.33, 0.16, 0.43]",X1an3is3yUOfCuZ,-1.0,75.0,1.0097087378640777,1.0101010101010102,1.00990099009901,0.8266666666666667,0.6666666666666666,0.7482993197278911,"['TTB', 'TTB', 'SAT_TTB', 'TTB_SAT', 'TTB_SAT', 'SAT_TTB', 'SAT_TTB', 'TTB_SAT', 'SAT_TTB', 'TTB_SAT']","['TTB', 'TTB', 'SAT_TTB', 'SAT_TTB', 'SAT_TTB', 'SAT_TTB', 'SAT_TTB', 'TTB', 'SAT_TTB', 'TTB']",0.0,0.6,0.0,0.4,,
0.0,0.0,0.0,0.0,1.0,0.0,3.2,0.0046296296296296285,0.034722222222222224,1.0,12.0,18.92000000000001,"[18.91999999999982, 0.0, 0.0, 0.0, 0.0, 0.0]",0.36950959904693104,"[0.36950959904692526, 0.0, 0.0, 0.0, 0.0, 0.0]","[[-96, -56, -98, 47, -66, 28], [14, -71, 27, 42, 25, -47], [-2, 87, 17, -40, 66, -69], [112, -22, -4, -108, -63, 30]]",6.920000000000003,"[6.920000000000059, 0.0, 0.0, 0.0, 0.0, 0.0]",0.13514833115247155,"[0.13514833115246797, 0.0, 0.0, 0.0, 0.0, 0.0]",51.20299999999999,"[0.3, 0.22, 0.08, 0.4]",iubSyA0EPXwngsD,-0.8571111111111113,75.0,1.029126213592233,1.0303030303030305,1.0297029702970295,1.0666666666666669,1.0277777777777777,1.0476190476190477,"['TTB_SAT', 'TTB_SAT', 'TTB_SAT', 'TTB_SAT', 'TTB_SAT', 'TTB_SAT', 'TTB_SAT', 'TTB_SAT', 'TTB_SAT', 'TTB_SAT']","['WADD', 'WADD', 'WADD', 'WADD', 'WADD', 'WADD', 'WADD', 'WADD', 'WADD', 'WADD']",1.0,0.0,0.0,0.0,,
0.0,0.0,0.04,0.8370000000000001,0.123,0.0,0.3,0.0009055555555555557,0.1875,4.0,5.8370000000000015,40.13999999999999,"[40.14000000000002, 40.14000000000003, 40.1399999999996, 0.0, 0.0, 0.0]",0.62814935369785,"[0.6281493536978501, 0.6281493536978501, 0.6281493536978395, 0.0, 0.0, 0.0]","[[15, 90, 55, -167, -78, -16], [-46, -81, 39, 134, 26, -7], [46, -19, 69, -177, 14, -104], [-32, -73, -15, 28, 203, 27]]",16.791999999999987,"[20.140000000000015, 20.13999999999999, 16.13999999999986, 0.0, 0.0, 0.0]",0.2627773778598479,"[0.3151701042220905, 0.31517010422209013, 0.25257425432693675, 0.0, 0.0, 0.0]",63.90200000000002,"[0.06, 0.01, 0.6, 0.33]",q8OiXnEuGsljtb2,-1.0,75.0,0.9514563106796116,0.9494949494949496,0.9504950495049505,0.8799999999999999,1.0277777777777777,0.9523809523809524,"['SAT_TTB', 'TTB', 'TTB', 'TTB', 'TTB', 'TTB', 'TTB', 'TTB', 'TTB', 'TTB']","['TTB', 'TTB', 'TTB', 'TTB', 'TTB', 'TTB', 'TTB', 'TTB', 'TTB', 'TTB']",0.0,0.0,0.0,1.0,,
0.0,0.0,0.0,1.0,0.0,0.0,3.2,0.0,0.1875,4.0,6.0,33.26,"[0.0, 0.0, 33.25999999999933, 0.0, 0.0, 0.0]",0.6495713141808098,"[0.0, 0.0, 0.6495713141808098, 0.0, 0.0, 0.0]","[[-33, -36, -64, -39, -109, 24], [-9, 26, 36, 11, 43, 38], [61, -11, 147, 71, 140, 2], [13, -125, 64, -113, -76, 69]]",9.260000000000003,"[0.0, 0.0, 9.260000000000167, 0.0, 0.0, 0.0]",0.1808487783918912,"[0.0, 0.0, 0.18084877839189067, 0.0, 0.0, 0.0]",51.20299999999999,"[0.4, 0.14, 0.2, 0.26]",6lht0ZurQP2rMOw,-1.0,75.0,1.0097087378640777,1.0101010101010102,1.00990099009901,0.8266666666666667,0.6666666666666666,0.7482993197278911,"['TTB', 'TTB', 'TTB', 'TTB', 'TTB', 'TTB', 'TTB', 'TTB', 'TTB', 'TTB']","['TTB', 'TTB', 'TTB', 'TTB', 'TTB', 'TTB', 'TTB', 'TTB', 'TTB', 'TTB']",0.0,0.0,0.0,1.0,,
0.0,0.0,0.0,0.0,1.0,0.0,3.2,0.003270833333333334,0.08468749999999997,4.0,8.522,33.45697,"[33.45696999999975, 0.0, 0.0, 0.0, 0.0, 0.0]",0.6534181590922407,"[0.6534181590922523, 0.0, 0.0, 0.0, 0.0, 0.0]","[[-85, 44, -96, -82, -36, 62], [-103, 20, 12, 8, 1, -43], [41, -70, 89, 62, 54, 43], [19, -133, -24, 127, 45, 36]]",-0.6310300000000018,"[-0.6310299999999941, 0.0, 0.0, 0.0, 0.0, 0.0]",-0.012324082573286757,"[-0.01232408257328688, 0.0, 0.0, 0.0, 0.0, 0.0]",51.20299999999999,"[0.14, 0.45, 0.05, 0.36]",l6dGWbHa5ETDOcj,-0.9616071428571428,75.0,1.0097087378640777,1.0101010101010102,1.00990099009901,0.8266666666666667,0.6666666666666666,0.7482993197278911,"['TTB_SAT', 'TTB_SAT', 'TTB_SAT', 'TTB_SAT', 'TTB_SAT', 'TTB_SAT', 'TTB_SAT', 'TTB_SAT', 'TTB_SAT', 'TTB_SAT']","['TTB_SAT', 'TTB_SAT', 'TTB_SAT', 'TTB_SAT', 'TTB_SAT', 'TTB_SAT', 'TTB_SAT', 'TTB_SAT', 'TTB_SAT', 'TTB_SAT']",0.0,0.0,1.0,0.0,,
0.0,0.0,0.134,0.16899999999999998,0.6970000000000001,0.0,3.2,0.0274537962962963,0.16360152777777776,1.0,3.979,95.55999999999996,"[95.55999999999909, 95.55999999999993, 95.55999999999983, 0.0, 0.0, 0.0]",1.8662968966662103,"[1.8662968966662006, 1.8662968966662061, 1.8662968966662046, 0.0, 0.0, 0.0]","[[11, 99, 37, 96, -15, -10], [-102, 110, 161, -24, -71, 37], [-55, 8, 9, 21, 70, 82], [-34, -16, 17, 136, 62, 150]]",91.58099999999996,"[91.68338593974092, 93.59731343283576, 89.55999999999987, 0.0, 0.0, 0.0]",1.7885866062535398,"[1.7905862144745888, 1.8279654206362115, 1.7491162627189845, 0.0, 0.0, 0.0]",51.20299999999999,"[0.1, 0.54, 0.15, 0.21]",aYhiKG1buBq3xGu,-0.9183584589614742,75.0,1.029126213592233,1.0303030303030305,1.0297029702970295,1.0666666666666669,1.0277777777777777,1.0476190476190477,"['SAT_TTB', 'TTB_SAT', 'TTB_SAT', 'TTB_SAT', 'TTB_SAT', 'TTB_SAT', 'TTB_SAT', 'TTB_SAT', 'TTB_SAT', 'TTB_SAT']","['SAT_TTB', 'SAT_TTB', 'SAT_TTB', 'TTB', 'SAT_TTB', 'SAT_TTB', 'SAT_TTB', 'SAT_TTB', 'SAT_TTB', 'TTB']",0.0,0.8,0.0,0.2,,
0.0,0.0,0.047,0.0,0.953,0.0,3.2,0.019880809240362816,0.08695734056122448,4.0,6.4670000000000005,28.11321,"[27.812109129066112, 34.21851063829788, 0.0, 0.0, 0.0, 0.0]",0.5490539616819327,"[0.5431734298589115, 0.6682911282209616, 0.0, 0.0, 0.0, 0.0]","[[-17, -40, -75, -19, -145, 57], [-60, -77, 11, -48, -57, 46], [65, 14, 45, 68, 43, -74], [-43, -100, 101, 144, 15, -52]]",2.24521,"[1.1258551941238122, 24.941914893617007, 0.0, 0.0, 0.0, 0.0]",0.04384918852410991,"[0.021988070896701902, 0.4871182331819819, 0.0, 0.0, 0.0, 0.0]",51.20299999999999,"[0.31, 0.14, 0.41, 0.14]",fNApTMMb9VDwixr,-0.4755333333333333,75.0,1.0097087378640777,1.0101010101010102,1.00990099009901,0.8266666666666667,0.6666666666666666,0.7482993197278911,"['TTB_SAT', 'TTB_SAT', 'TTB_SAT', 'TTB_SAT', 'TTB_SAT', 'TTB_SAT', 'TTB_SAT', 'TTB_SAT', 'TTB_SAT', 'TTB_SAT']","['TTB_SAT', 'SAT_TTB', 'TTB_SAT', 'TTB_SAT', 'TTB_SAT', 'TTB_SAT', 'SAT_TTB', 'TTB_SAT', 'TTB_SAT', 'TTB_SAT']",0.0,0.2,0.8,0.0,,
0.0,0.0,0.333,0.172,0.495,0.0,3.2,0.0380388888888889,0.1875,4.0,3.574,4.609999999999999,"[4.609999999999973, 4.609999999999975, 4.610000000000011, 0.0, 0.0, 0.0]",0.09003378708278811,"[0.0900337870827883, 0.09003378708278828, 0.09003378708278828, 0.0, 0.0, 0.0]","[[-51, -5, -21, 22, 85, -162], [116, -83, -48, -153, -19, -15], [-145, 63, 35, 42, -11, 57], [65, 89, -67, -6, 64, -24]]",-9.686,"[-10.953636363636413, -2.789399399399388, -19.38999999999998, 0.0, 0.0, 0.0]",-0.1891686034021444,"[-0.21392567551972158, -0.05447726499227396, -0.37868874870613156, 0.0, 0.0, 0.0]",51.20299999999999,"[0.15, 0.31, 0.28, 0.26]",KUyNdHbCfa4jtIt,-1.0,75.0,1.0097087378640777,1.0101010101010102,1.00990099009901,0.8266666666666667,0.6666666666666666,0.7482993197278911,"['SAT_TTB', 'TTB_SAT', 'TTB_SAT', 'TTB', 'TTB', 'TTB_SAT', 'SAT_TTB', 'SAT_TTB', 'SAT_TTB', 'TTB']","['SAT_TTB', 'SAT_TTB', 'TTB', 'TTB', 'TTB', 'SAT_TTB', 'SAT_TTB', 'SAT_TTB', 'SAT_TTB', 'TTB']",0.0,0.6,0.0,0.4,,
0.0,0.0,0.6759999999999999,0.0,0.324,0.0,3.2,0.039339657974300835,0.16560174886621315,4.0,3.884,67.80999999999997,"[67.81000000000022, 67.80999999999975, 0.0, 0.0, 0.0, 0.0]",1.3243364646602738,"[1.3243364646602784, 1.324336464660285, 0.0, 0.0, 0.0, 0.0]","[[-9, -78, -36, -68, -82, 62], [135, -24, -85, -12, 1, -37], [-114, 88, -33, 158, -29, -49], [34, 60, -124, 8, -30, 180]]",52.27399999999997,"[42.58777777777768, 56.91650887573978, 0.0, 0.0, 0.0, 0.0]",1.0209167431595807,"[0.8317437997339534, 1.1115854320203833, 0.0, 0.0, 0.0, 0.0]",51.20299999999999,"[0.3, 0.28, 0.07, 0.35]",uosTR7R5rWOZ2TL,-0.9027418723070896,75.0,1.0097087378640777,1.0101010101010102,1.00990099009901,0.8266666666666667,0.6666666666666666,0.7482993197278911,"['SAT_TTB', 'SAT_TTB', 'TTB_SAT', 'SAT_TTB', 'SAT_TTB', 'SAT_TTB', 'SAT_TTB', 'SAT_TTB', 'TTB_SAT', 'TTB_SAT']","['SAT_TTB', 'SAT_TTB', 'TTB', 'SAT_TTB', 'SAT_TTB', 'SAT_TTB', 'SAT_TTB', 'SAT_TTB', 'TTB', 'TTB']",0.0,0.7,0.0,0.3,,
0.0,0.0,0.0,0.0,1.0,0.0,0.3,0.004596915740584571,0.09224227197766156,1.0,8.516,54.01,"[54.010000000000375, 0.0, 0.0, 0.0, 0.0, 0.0]",0.8452004632092894,"[0.8452004632092748, 0.0, 0.0, 0.0, 0.0, 0.0]","[[-53, 18, 23, -85, 45, -33], [-49, 130, -42, -100, 156, -80], [-29, 8, -51, -42, 21, 17], [4, 19, 36, -77, -8, 23]]",45.494,"[45.49400000000006, 0.0, 0.0, 0.0, 0.0, 0.0]",0.7119338987825106,"[0.7119338987825131, 0.0, 0.0, 0.0, 0.0, 0.0]",63.90200000000002,"[0.5, 0.19, 0.15, 0.16]",mlhb2P64mtEuQDH,-0.8983098124098124,75.0,1.0097087378640777,1.0101010101010102,1.00990099009901,1.2266666666666666,1.2777777777777777,1.2517006802721091,"['TTB_SAT', 'TTB_SAT', 'TTB_SAT', 'TTB_SAT', 'TTB_SAT', 'TTB_SAT', 'TTB_SAT', 'TTB_SAT', 'TTB_SAT', 'TTB_SAT']","['WADD', 'TTB', 'TTB', 'WADD', 'TTB_SAT', 'TTB', 'TTB', 'TTB_SAT', 'WADD', 'WADD']",0.4,0.0,0.2,0.4,,
0.006,0.0,0.0,0.0,0.994,0.0,3.2,0.00938602562961459,0.007799130948335219,1.0,15.239,20.309330000000013,"[20.404094567404147, 0.0, 0.0, 0.0, 0.0, 4.609999999999999]",0.3966433607405816,"[0.3984941227546137, 0.0, 0.0, 0.0, 0.0, 0.0900337870827881]","[[-51, -5, -21, 22, 85, -162], [116, -83, -48, -153, -19, -15], [-145, 63, 35, 42, -11, 57], [65, 89, -67, -6, 64, -24]]",5.070330000000002,"[5.115362173038284, 0.0, 0.0, 0.0, 0.0, -2.3900000000000006]",0.0990240806202762,"[0.09990356371771446, 0.0, 0.0, 0.0, 0.0, -0.04667695252231316]",51.20299999999999,"[0.15, 0.31, 0.28, 0.26]",KUyNdHbCfa4jtIt,-0.7173067210567212,75.0,1.029126213592233,1.0303030303030305,1.0297029702970295,1.0666666666666669,1.0277777777777777,1.0476190476190477,"['TTB_SAT', 'TTB_SAT', 'TTB_SAT', 'TTB_SAT', 'TTB_SAT', 'TTB_SAT', 'TTB_SAT', 'TTB_SAT', 'TTB_SAT', 'TTB_SAT']","['WADD', 'WADD', 'WADD', 'WADD', 'WADD', 'WADD', 'WADD', 'WADD', 'WADD', 'WADD']",1.0,0.0,0.0,0.0,,
0.0,0.0,0.145,0.0,0.855,0.0,0.3,0.01732138888888889,0.15881347222222222,4.0,4.398,46.08612999999999,"[46.15500584795336, 45.680000000000064, 0.0, 0.0, 0.0, 0.0]",0.7212001189321147,"[0.7222779544920866, 0.7148446058026361, 0.0, 0.0, 0.0, 0.0]","[[-69, 20, -39, -17, -12, -39], [-84, 32, 105, 26, 11, 10], [55, 72, -55, -6, -46, 98], [-48, 65, 13, 95, 7, -61]]",28.49413,"[28.119918128655062, 30.700689655172372, 0.0, 0.0, 0.0, 0.0]",0.4459035710932364,"[0.440047543561316, 0.48043394033320336, 0.0, 0.0, 0.0, 0.0]",63.90200000000002,"[0.02, 0.47, 0.14, 0.37]",02RpShoPR0hc5AX,-0.8707333333333334,75.0,0.9514563106796116,0.9494949494949496,0.9504950495049505,0.8799999999999999,1.0277777777777777,0.9523809523809524,"['TTB_SAT', 'TTB_SAT', 'TTB_SAT', 'TTB_SAT', 'TTB_SAT', 'SAT_TTB', 'TTB_SAT', 'TTB_SAT', 'TTB_SAT', 'TTB_SAT']","['TTB', 'SAT_TTB', 'SAT_TTB', 'TTB', 'SAT_TTB', 'SAT_TTB', 'TTB', 'TTB_SAT', 'SAT_TTB', 'SAT_TTB']",0.0,0.6,0.1,0.3,,
0.0,0.0,0.0,0.0,1.0,0.0,3.2,0.002222222222222223,0.0675,1.0,10.0,36.44,"[36.43999999999971, 0.0, 0.0, 0.0, 0.0, 0.0]",0.7116770501728417,"[0.71167705017285, 0.0, 0.0, 0.0, 0.0, 0.0]","[[-22, -114, 79, 5, 92, -114], [-33, 60, -77, -61, 40, 174], [-71, 31, -34, -6, -5, 13], [-49, 92, 93, 56, 67, -111]]",26.44,"[26.439999999999603, 0.0, 0.0, 0.0, 0.0, 0.0]",0.5163759935941252,"[0.5163759935941244, 0.0, 0.0, 0.0, 0.0, 0.0]",51.20299999999999,"[0.25, 0.11, 0.47, 0.17]",f2xpn3YCjwjoU5x,-0.958,75.0,1.029126213592233,1.0303030303030305,1.0297029702970295,1.0666666666666669,1.0277777777777777,1.0476190476190477,"['TTB_SAT', 'TTB_SAT', 'TTB_SAT', 'TTB_SAT', 'TTB_SAT', 'TTB_SAT', 'TTB_SAT', 'TTB_SAT', 'TTB_SAT', 'TTB_SAT']","['TTB_SAT', 'TTB_SAT', 'TTB_SAT', 'TTB_SAT', 'TTB_SAT', 'TTB_SAT', 'TTB_SAT', 'TTB_SAT', 'TTB_SAT', 'TTB_SAT']",0.0,0.0,1.0,0.0,,
0.0,0.0,0.0,0.0,1.0,0.0,0.3,0.003114583333333333,0.07765624999999997,1.0,8.927,27.779999999999994,"[27.779999999999692, 0.0, 0.0, 0.0, 0.0, 0.0]",0.4347281775218302,"[0.4347281775218332, 0.0, 0.0, 0.0, 0.0, 0.0]","[[13, 44, -5, 28, -6, -76], [-40, 25, 9, -196, 123, -17], [-133, 45, -113, -55, 31, -16], [50, -67, -24, -11, -31, -43]]",18.853,"[18.853000000000097, 0.0, 0.0, 0.0, 0.0, 0.0]",0.29502988951832504,"[0.2950298895183271, 0.0, 0.0, 0.0, 0.0, 0.0]",63.90200000000002,"[0.38, 0.05, 0.02, 0.55]",nQ4KJRm5qzDmfGs,-0.9623928571428572,75.0,1.0097087378640777,1.0101010101010102,1.00990099009901,1.2266666666666666,1.2777777777777777,1.2517006802721091,"['TTB_SAT', 'TTB_SAT', 'TTB_SAT', 'TTB_SAT', 'TTB_SAT', 'TTB_SAT', 'TTB_SAT', 'TTB_SAT', 'TTB_SAT', 'TTB_SAT']","['TTB_SAT', 'TTB_SAT', 'TTB_SAT', 'TTB_SAT', 'TTB_SAT', 'TTB_SAT', 'TTB_SAT', 'TTB_SAT', 'TTB_SAT', 'TTB_SAT']",0.0,0.0,1.0,0.0,,
0.0,0.0,0.4270000000000001,0.0,0.573,0.0,0.3,0.057289166666666676,0.13316708333333332,4.0,3.212,71.15276999999998,"[57.070541012216374, 90.05, 0.0, 0.0, 0.0, 0.0]",1.1134670276360676,"[0.8930947546589453, 1.409189070764608, 0.0, 0.0, 0.0, 0.0]","[[-78, 47, -34, 184, -97, -79], [-99, 36, -76, 99, -22, 31], [-87, 88, 57, 26, 142, 59], [88, -44, 138, 16, 128, 71]]",58.30477,"[40.48415357766138, 82.21861826697865, 0.0, 0.0, 0.0, 0.0]",0.9124091577728396,"[0.6335350001198924, 1.2866360719066527, 0.0, 0.0, 0.0, 0.0]",63.90200000000002,"[0.19, 0.01, 0.45, 0.35]",YwmSZ9XOPRdJfbN,-0.8110436893203883,75.0,0.9514563106796116,0.9494949494949496,0.9504950495049505,0.8799999999999999,1.0277777777777777,0.9523809523809524,"['TTB_SAT', 'TTB_SAT', 'SAT_TTB', 'TTB_SAT', 'TTB_SAT', 'SAT_TTB', 'TTB_SAT', 'SAT_TTB', 'SAT_TTB', 'TTB_SAT']","['TTB_SAT', 'SAT_TTB', 'SAT_TTB', 'SAT_TTB', 'SAT_TTB', 'SAT_TTB', 'SAT_TTB', 'SAT_TTB', 'SAT_TTB', 'TTB_SAT']",0.0,0.8,0.2,0.0,,
0.0,0.0,0.0,0.0,1.0,0.0,0.3,0.027061887754234442,0.062397824287505024,1.0,6.63,86.17887999999998,"[86.17888000000131, 0.0, 0.0, 0.0, 0.0, 0.0]",1.348610059153078,"[1.3486100591530574, 0.0, 0.0, 0.0, 0.0, 0.0]","[[-78, 47, -34, 184, -97, -79], [-99, 36, -76, 99, -22, 31], [-87, 88, 57, 26, 142, 59], [88, -44, 138, 16, 128, 71]]",79.54887999999997,"[79.5488800000013, 0.0, 0.0, 0.0, 0.0, 0.0]",1.2448574379518635,"[1.2448574379518547, 0.0, 0.0, 0.0, 0.0, 0.0]",63.90200000000002,"[0.19, 0.01, 0.45, 0.35]",YwmSZ9XOPRdJfbN,-0.3840063492063493,75.0,1.0097087378640777,1.0101010101010102,1.00990099009901,1.2266666666666666,1.2777777777777777,1.2517006802721091,"['TTB_SAT', 'TTB_SAT', 'TTB_SAT', 'TTB_SAT', 'TTB_SAT', 'TTB_SAT', 'TTB_SAT', 'TTB_SAT', 'TTB_SAT', 'TTB_SAT']","['TTB_SAT', 'WADD', 'TTB_SAT', 'TTB_SAT', 'SAT_TTB', 'SAT_TTB', 'TTB_SAT', 'SAT_TTB', 'SAT_TTB', 'TTB_SAT']",0.1,0.4,0.5,0.0,,
0.027000000000000003,0.0,0.0,0.0,0.973,0.0,3.2,0.009253987067125595,0.09073627095527527,1.0,7.229,67.80999999999997,"[67.80999999999912, 0.0, 0.0, 0.0, 0.0, 67.80999999999996]",1.3243364646602738,"[1.3243364646602869, 0.0, 0.0, 0.0, 0.0, 1.324336464660274]","[[-9, -78, -36, -68, -82, 62], [135, -24, -85, -12, 1, -37], [-114, 88, -33, 158, -29, -49], [34, 60, -124, 8, -30, 180]]",60.58099999999998,"[60.59931140801572, 0.0, 0.0, 0.0, 0.0, 59.921111111111074]",1.18315333085952,"[1.1835109545928175, 0.0, 0.0, 0.0, 0.0, 1.170265631137065]",51.20299999999999,"[0.3, 0.28, 0.07, 0.35]",uosTR7R5rWOZ2TL,-0.7565314992596838,75.0,1.029126213592233,1.0303030303030305,1.0297029702970295,1.0666666666666669,1.0277777777777777,1.0476190476190477,"['TTB_SAT', 'TTB_SAT', 'TTB_SAT', 'TTB_SAT', 'TTB_SAT', 'TTB_SAT', 'TTB_SAT', 'TTB_SAT', 'TTB_SAT', 'TTB_SAT']","['TTB_SAT', 'TTB', 'TTB_SAT', 'TTB_SAT', 'TTB_SAT', 'TTB_SAT', 'TTB_SAT', 'SAT_TTB', 'TTB_SAT', 'TTB_SAT']",0.0,0.1,0.8,0.1,,
0.0,0.0,0.4,0.0,0.6,0.0,3.2,0.06972777777777779,0.1875,4.0,2.3080000000000003,51.22825000000002,"[51.58366666666643, 50.695125000000004, 0.0, 0.0, 0.0, 0.0]",1.0004931351678612,"[1.0074344602204284, 0.9900811475890019, 0.0, 0.0, 0.0, 0.0]","[[40, -1, 19, 112, 19, 75], [47, -114, -98, -38, 13, 86], [-90, -72, -11, -87, 87, 65], [-102, 34, -87, 15, -12, 57]]",41.99625000000001,"[39.27033333333324, 46.08512500000004, 0.0, 0.0, 0.0, 0.0]",0.8201911997343906,"[0.7669537592198359, 0.9000473605062216, 0.0, 0.0, 0.0, 0.0]",51.20299999999999,"[0.45, 0.2, 0.18, 0.17]",B7AmiGrF0VHtZKs,-1.0,75.0,1.0097087378640777,1.0101010101010102,1.00990099009901,0.8266666666666667,0.6666666666666666,0.7482993197278911,"['SAT_TTB', 'TTB_SAT', 'SAT_TTB', 'TTB_SAT', 'TTB_SAT', 'SAT_TTB', 'TTB_SAT', 'TTB_SAT', 'TTB_SAT', 'TTB_SAT']","['SAT_TTB', 'SAT_TTB', 'SAT_TTB', 'TTB', 'SAT_TTB', 'SAT_TTB', 'TTB', 'SAT_TTB', 'SAT_TTB', 'SAT_TTB']",0.0,0.8,0.0,0.2,,
0.0,0.0,0.0,1.0,0.0,0.0,0.3,0.0,0.1875,1.0,6.0,72.14,"[0.0, 0.0, 72.1399999999995, 0.0, 0.0, 0.0]",1.1289161528590657,"[0.0, 0.0, 1.1289161528590936, 0.0, 0.0, 0.0]","[[-131, 85, 56, -12, -48, 108], [77, -51, -7, -137, 64, 40], [-42, 53, -43, -68, 81, 65], [67, -79, -44, 141, 59, -110]]",66.14,"[0.0, 0.0, 66.13999999999952, 0.0, 0.0, 0.0]",1.035022378016338,"[0.0, 0.0, 1.0350223780163545, 0.0, 0.0, 0.0]",63.90200000000002,"[0.06000000000000001, 0.04, 0.88, 0.02]",PCWdMJAPeV3vIAW,-1.0,75.0,1.0097087378640777,1.0101010101010102,1.00990099009901,1.2266666666666666,1.2777777777777777,1.2517006802721091,"['TTB', 'TTB', 'TTB', 'TTB', 'TTB', 'TTB', 'TTB', 'TTB', 'TTB', 'TTB']","['TTB', 'TTB', 'TTB', 'TTB', 'TTB', 'TTB', 'TTB', 'TTB', 'TTB', 'TTB']",0.0,0.0,0.0,1.0,,
0.0,0.0,0.835,0.165,0.0,0.0,3.2,0.03832222222222224,0.1875,4.0,3.562,18.92000000000001,"[0.0, 18.920000000000066, 18.92000000000004, 0.0, 0.0, 0.0]",0.36950959904693104,"[0.0, 0.36950959904692604, 0.36950959904692987, 0.0, 0.0, 0.0]","[[-96, -56, -98, 47, -66, 28], [14, -71, 27, 42, 25, -47], [-2, 87, 17, -40, 66, -69], [112, -22, -4, -108, -63, 30]]",4.6720000000000015,"[0.0, 6.599041916167721, -5.080000000000009, 0.0, 0.0, 0.0]",0.0912446536335762,"[0.0, 0.1288799858634775, -0.0992129367419881, 0.0, 0.0, 0.0]",51.20299999999999,"[0.3, 0.22, 0.08, 0.4]",iubSyA0EPXwngsD,-1.0,75.0,1.0097087378640777,1.0101010101010102,1.00990099009901,0.8266666666666667,0.6666666666666666,0.7482993197278911,"['SAT_TTB', 'SAT_TTB', 'SAT_TTB', 'SAT_TTB', 'SAT_TTB', 'TTB', 'SAT_TTB', 'TTB', 'TTB', 'SAT_TTB']","['TTB', 'SAT_TTB', 'SAT_TTB', 'SAT_TTB', 'SAT_TTB', 'TTB', 'TTB', 'TTB', 'TTB', 'SAT_TTB']",0.0,0.5,0.0,0.5,,
0.0,0.0,0.0,1.0,0.0,0.0,0.3,0.0,0.1875,4.0,6.0,54.01,"[0.0, 0.0, 54.010000000000375, 0.0, 0.0, 0.0]",0.8452004632092894,"[0.0, 0.0, 0.8452004632092748, 0.0, 0.0, 0.0]","[[-53, 18, 23, -85, 45, -33], [-49, 130, -42, -100, 156, -80], [-29, 8, -51, -42, 21, 17], [4, 19, 36, -77, -8, 23]]",30.009999999999994,"[0.0, 0.0, 30.009999999999373, 0.0, 0.0, 0.0]",0.4696253638383776,"[0.0, 0.0, 0.4696253638383728, 0.0, 0.0, 0.0]",63.90200000000002,"[0.5, 0.19, 0.15, 0.16]",mlhb2P64mtEuQDH,-1.0,75.0,0.9514563106796116,0.9494949494949496,0.9504950495049505,0.8799999999999999,1.0277777777777777,0.9523809523809524,"['TTB', 'TTB', 'TTB', 'TTB', 'TTB', 'TTB', 'TTB', 'TTB', 'TTB', 'TTB']","['TTB', 'TTB', 'TTB', 'TTB', 'TTB', 'TTB', 'TTB', 'TTB', 'TTB', 'TTB']",0.0,0.0,0.0,1.0,,
0.0,0.0,0.0,0.0,1.0,0.0,0.3,0.022991536753590325,0.08323438988095237,4.0,5.787000000000001,86.70590000000004,"[86.70590000000092, 0.0, 0.0, 0.0, 0.0, 0.0]",1.3568573753560138,"[1.3568573753560067, 0.0, 0.0, 0.0, 0.0, 0.0]","[[-90, 14, -114, -41, 210, 42], [-91, 101, 22, 57, 105, 86], [94, -30, 150, -10, -154, 52], [-78, -66, 54, 90, -24, 34]]",63.55790000000001,"[63.557900000000615, 0.0, 0.0, 0.0, 0.0, 0.0]",0.9946151920127696,"[0.99461519201276, 0.0, 0.0, 0.0, 0.0, 0.0]",63.90200000000002,"[0.01999999999999999, 0.01, 0.47, 0.5]",VHZfp8VcgwqWdru,-0.6729333333333333,75.0,0.9514563106796116,0.9494949494949496,0.9504950495049505,0.8799999999999999,1.0277777777777777,0.9523809523809524,"['TTB_SAT', 'TTB_SAT', 'TTB_SAT', 'TTB_SAT', 'TTB_SAT', 'TTB_SAT', 'TTB_SAT', 'TTB_SAT', 'TTB_SAT', 'TTB_SAT']","['SAT_TTB', 'SAT_TTB', 'SAT_TTB', 'SAT_TTB', 'TTB', 'TTB_SAT', 'TTB_SAT', 'SAT_TTB', 'SAT_TTB', 'TTB_SAT']",0.0,0.6,0.3,0.1,,
0.0,0.0,0.0,0.0,1.0,0.0,3.2,0.011251482586810873,0.045667690286705434,1.0,9.562,72.34000000000003,"[72.33999999999816, 0.0, 0.0, 0.0, 0.0, 0.0]",1.412807843290433,"[1.41280784329045, 0.0, 0.0, 0.0, 0.0, 0.0]","[[40, -1, 19, 112, 19, 75], [47, -114, -98, -38, 13, 86], [-90, -72, -11, -87, 87, 65], [-102, 34, -87, 15, -12, 57]]",62.77800000000003,"[62.7779999999984, 0.0, 0.0, 0.0, 0.0, 0.0]",1.2260609729898642,"[1.2260609729898728, 0.0, 0.0, 0.0, 0.0, 0.0]",51.20299999999999,"[0.45, 0.2, 0.18, 0.17]",B7AmiGrF0VHtZKs,-0.6948015873015873,75.0,1.029126213592233,1.0303030303030305,1.0297029702970295,1.0666666666666669,1.0277777777777777,1.0476190476190477,"['TTB_SAT', 'TTB_SAT', 'TTB_SAT', 'TTB_SAT', 'TTB_SAT', 'TTB_SAT', 'TTB_SAT', 'TTB_SAT', 'TTB_SAT', 'TTB_SAT']","['TTB_SAT', 'TTB_SAT', 'TTB_SAT', 'TTB_SAT', 'TTB_SAT', 'TTB_SAT', 'TTB_SAT', 'TTB_SAT', 'TTB_SAT', 'TTB_SAT']",0.0,0.0,1.0,0.0,,
0.0,0.0,0.0,1.0,0.0,0.0,3.2,0.0,0.1875,4.0,6.0,8.310000000000004,"[0.0, 0.0, 8.310000000000167, 0.0, 0.0, 0.0]",0.1622951780169131,"[0.0, 0.0, 0.16229517801691318, 0.0, 0.0, 0.0]","[[-22, -114, 79, 5, 92, -114], [-33, 60, -77, -61, 40, 174], [-71, 31, -34, -6, -5, 13], [-49, 92, 93, 56, 67, -111]]",-15.689999999999996,"[0.0, 0.0, -15.69000000000015, 0.0, 0.0, 0.0]",-0.3064273577720055,"[0.0, 0.0, -0.3064273577720083, 0.0, 0.0, 0.0]",51.20299999999999,"[0.25, 0.11, 0.47, 0.17]",f2xpn3YCjwjoU5x,-1.0,75.0,1.0097087378640777,1.0101010101010102,1.00990099009901,0.8266666666666667,0.6666666666666666,0.7482993197278911,"['TTB', 'TTB', 'TTB', 'TTB', 'TTB', 'TTB', 'TTB', 'TTB', 'TTB', 'TTB']","['TTB', 'TTB', 'TTB', 'TTB', 'TTB', 'TTB', 'TTB', 'TTB', 'TTB', 'TTB']",0.0,0.0,0.0,1.0,,
0.0,0.0,0.163,0.0,0.8370000000000001,0.0,3.2,0.04834375535399346,0.13476056240551776,1.0,4.183,102.56075,"[99.49369175627253, 118.31000000000006, 0.0, 0.0, 0.0, 0.0]",2.003022283850556,"[1.9431223122917258, 2.310606800382796, 0.0, 0.0, 0.0, 0.0]","[[87, 10, 22, -15, 44, 161], [93, 107, -71, -46, 3, 182], [-167, 82, -41, 30, -43, -5], [127, 73, -100, -78, 2, -23]]",98.37775,"[94.69082437275998, 117.31000000000003, 0.0, 0.0, 0.0, 0.0]",1.9213278518836787,"[1.8493218048309517, 2.291076694724912, 0.0, 0.0, 0.0, 0.0]",51.20299999999999,"[0.19, 0.51, 0.1, 0.2]",B9PWF5Bu1hHzIBA,-0.8403595607896682,75.0,1.029126213592233,1.0303030303030305,1.0297029702970295,1.0666666666666669,1.0277777777777777,1.0476190476190477,"['TTB_SAT', 'TTB_SAT', 'SAT_TTB', 'TTB_SAT', 'TTB_SAT', 'TTB_SAT', 'TTB_SAT', 'SAT_TTB', 'TTB_SAT', 'TTB_SAT']","['SAT_TTB', 'SAT_TTB', 'SAT_TTB', 'SAT_TTB', 'SAT_TTB', 'SAT_TTB', 'TTB_SAT', 'SAT_TTB', 'SAT_TTB', 'SAT_TTB']",0.0,0.9,0.1,0.0,,
0.0,0.0,0.0,0.0,1.0,0.0,0.3,0.007896371882086167,0.10787755102040818,4.0,6.7120000000000015,46.72782,"[46.72781999999988, 0.0, 0.0, 0.0, 0.0, 0.0]",0.7312419016619199,"[0.7312419016619289, 0.0, 0.0, 0.0, 0.0, 0.0]","[[140, 81, 49, 185, 81, -77], [52, 14, -168, 7, -3, 51], [-119, 61, -183, 64, -31, 6], [49, -53, -44, -94, 23, -90]]",19.87982,"[19.879819999999796, 0.0, 0.0, 0.0, 0.0, 0.0]",0.3110985571656599,"[0.3110985571656628, 0.0, 0.0, 0.0, 0.0, 0.0]",63.90200000000002,"[0.04, 0.29, 0.65, 0.02]",lIbaNiqegro6KIA,-0.8495333333333331,75.0,0.9514563106796116,0.9494949494949496,0.9504950495049505,0.8799999999999999,1.0277777777777777,0.9523809523809524,"['TTB_SAT', 'TTB_SAT', 'TTB_SAT', 'TTB_SAT', 'TTB_SAT', 'TTB_SAT', 'TTB_SAT', 'TTB_SAT', 'TTB_SAT', 'TTB_SAT']","['TTB_SAT', 'TTB_SAT', 'TTB_SAT', 'TTB', 'TTB_SAT', 'TTB_SAT', 'TTB_SAT', 'TTB_SAT', 'TTB', 'TTB_SAT']",0.0,0.0,0.8,0.2,,
0.0,0.0,0.0,0.0,1.0,0.0,0.3,0.004766600920447075,0.027736686390532558,1.0,13.0,49.57000000000002,"[49.569999999999744, 0.0, 0.0, 0.0, 0.0, 0.0]",0.7757190698256706,"[0.7757190698256691, 0.0, 0.0, 0.0, 0.0, 0.0]","[[-69, 20, -39, -17, -12, -39], [-84, 32, 105, 26, 11, 10], [55, 72, -55, -6, -46, 98], [-48, 65, 13, 95, 7, -61]]",36.57,"[36.56999999999975, 0.0, 0.0, 0.0, 0.0, 0.0]",0.5722825576664266,"[0.5722825576664264, 0.0, 0.0, 0.0, 0.0, 0.0]",63.90200000000002,"[0.02, 0.47, 0.14, 0.37]",02RpShoPR0hc5AX,-0.709131746031746,75.0,1.0097087378640777,1.0101010101010102,1.00990099009901,1.2266666666666666,1.2777777777777777,1.2517006802721091,"['TTB_SAT', 'TTB_SAT', 'TTB_SAT', 'TTB_SAT', 'TTB_SAT', 'TTB_SAT', 'TTB_SAT', 'TTB_SAT', 'TTB_SAT', 'TTB_SAT']","['WADD', 'WADD', 'WADD', 'WADD', 'WADD', 'WADD', 'WADD', 'WADD', 'WADD', 'WADD']",1.0,0.0,0.0,0.0,,
0.0,0.0,0.0,0.0,1.0,0.0,3.2,0.009775393675988916,0.09710536470143613,4.0,7.081,27.74000000000001,"[27.740000000000542, 0.0, 0.0, 0.0, 0.0, 0.0]",0.5417651309493585,"[0.5417651309493698, 0.0, 0.0, 0.0, 0.0, 0.0]","[[2, 30, -23, 26, 24, -26], [-77, 73, -11, 60, -57, 2], [-44, -40, -49, -44, 100, -98], [31, 24, -31, -144, -34, -8]]",-0.5840000000000019,"[-0.5839999999999932, 0.0, 0.0, 0.0, 0.0, 0.0]",-0.01140558170419706,"[-0.011405581704196924, 0.0, 0.0, 0.0, 0.0, 0.0]",51.20299999999999,"[0.2, 0.3, 0.19, 0.31]",2O9UAcifjV8B4g6,-0.7838214285714284,75.0,1.0097087378640777,1.0101010101010102,1.00990099009901,0.8266666666666667,0.6666666666666666,0.7482993197278911,"['TTB_SAT', 'TTB_SAT', 'TTB_SAT', 'TTB_SAT', 'TTB_SAT', 'TTB_SAT', 'TTB_SAT', 'TTB_SAT', 'TTB_SAT', 'TTB_SAT']","['TTB', 'SAT_TTB', 'SAT_TTB', 'TTB', 'TTB_SAT', 'TTB', 'TTB_SAT', 'TTB_SAT', 'SAT_TTB', 'TTB_SAT']",0.0,0.3,0.4,0.3,,
0.0,0.0,0.8190000000000001,0.181,0.0,0.0,0.3,0.04011944444444444,0.1875,4.0,3.49,79.61999999999998,"[0.0, 79.62000000000114, 79.6200000000003, 0.0, 0.0, 0.0]",1.2459703921629992,"[0.0, 1.2459703921630092, 1.2459703921630019, 0.0, 0.0, 0.0]","[[10, -11, 78, -20, 94, 69], [-36, -45, 82, -86, -100, 31], [-48, -38, -84, 6, 116, -74], [114, 25, -50, -68, 52, 53]]",65.66,"[0.0, 67.87885225885313, 55.620000000000076, 0.0, 0.0, 0.0]",1.027510876028919,"[0.0, 1.0622336117625821, 0.8703952927920876, 0.0, 0.0, 0.0]",63.90200000000002,"[0.09, 0.1, 0.61, 0.2]",rVjVpCboG0KJwv1,-1.0,75.0,0.9514563106796116,0.9494949494949496,0.9504950495049505,0.8799999999999999,1.0277777777777777,0.9523809523809524,"['SAT_TTB', 'SAT_TTB', 'SAT_TTB', 'SAT_TTB', 'TTB', 'TTB', 'TTB', 'TTB', 'SAT_TTB', 'SAT_TTB']","['SAT_TTB', 'TTB', 'SAT_TTB', 'SAT_TTB', 'TTB', 'TTB', 'TTB', 'TTB', 'SAT_TTB', 'SAT_TTB']",0.0,0.5,0.0,0.5,,
